苦瓜（一级）,苦瓜（一级）,南瓜（一级）,,,,,,,,,,,,,,,,,,,,,,
蒙牛益生菌酸牛奶(原味)1.2kg,,,,,,,,,,,,,,,,,,,,,,,,
光明酸牛奶(红枣味)180g,,,,,,,,,,,,,,,,,,,,,,,,
鲜鸡蛋,三全麦香早点奶香馒头1.36kg,,,,,,,,,,,,,,,,,,,,,,,
白砂糖(散),鸭边腿,,,,,,,,,,,,,,,,,,,,,,,
益民料酒350ml,,,,,,,,,,,,,,,,,,,,,,,,
散装东北米(中汇),,,,,,,,,,,,,,,,,,,,,,,,
对虾,带鱼200-300,枪手杀飞虫气雾剂600毫升,,,,,,,,,,,,,,,,,,,,,,
海天草菇老抽酱油500ml,,,,,,,,,,,,,,,,,,,,,,,,
鲁花压榨特香菜籽油5L,,,,,,,,,,,,,,,,,,,,,,,,
五丰高汤芹菜猪肉水饺720g,光明酸牛奶(红枣味)100g*8,,,,,,,,,,,,,,,,,,,,,,,
日本南瓜（一级）,,,,,,,,,,,,,,,,,,,,,,,,
鸭爪,,,,,,,,,,,,,,,,,,,,,,,,
鸭爪,鸡爪,长瓜（一级）,,,,,,,,,,,,,,,,,,,,,,
三全麦香早点奶香馒头1.36kg,紫甘薯（一级）,西红柿（一级）,,,,,,,,,,,,,,,,,,,,,,
三全麦香早点奶香馒头1.36kg,日本南瓜（一级）,白砂糖(散),芋艿（一级）,,,,,,,,,,,,,,,,,,,,,
雪健家庭用小麦粉2.5kg,多晶冰糖(散),鲁花压榨特香菜籽油5L,,,,,,,,,,,,,,,,,,,,,,
咸亨香糟卤500ml,青菜（一级）,鸡爪,黑茄（一级）,康师傅番茄笋干排骨面104克*5包,康师傅笋干烧肉面102克*5包,康师傅酸菜牛肉桶面122克,,,,,,,,,,,,,,,,,,
鲜鸡蛋,鸭边腿,,,,,,,,,,,,,,,,,,,,,,,
芋艿（一级）,绿箭粒装口香糖64克,旺仔牛奶复原乳245ml,,,,,,,,,,,,,,,,,,,,,,
五丰刀切馒头450g,五丰玉米刀切450g,五丰豆沙包510g,,,,,,,,,,,,,,,,,,,,,,
民益芝麻桃酥280g,北方绿人加钙酥性饼干390克,塑料购物袋(大),,,,,,,,,,,,,,,,,,,,,,
萝卜（一级）,梅豆（一级）,,,,,,,,,,,,,,,,,,,,,,,
鲜鸡蛋,蒙牛真果粒牛奶饮品(草莓果粒)250m,康师傅冰红茶柠檬口味茶饮品500ml*,益民糯米黄酒400ml,塑料购物袋(大),康师傅冰红茶柠檬口味茶饮品2L,老李五香干70克,动心一族奶油果仁蛋糕200克,鸿兴源好德十香粉30克,康师傅冰绿茶瓶装500ml,丝诺纯棉木棒棉签100支装,长城医用棉签50支,众望小麻花海苔咸味130克,口水娃香脆兰花豆五香味106克,乐事清新清爽小番茄味薯片45g,乐事清新清爽黄瓜味薯片45g,老李五香鸡翅80克,奇多干杯脆美式火鸡味粟米粒25克,奇多干杯脆日式牛排味粟米粒25克,星福益零嘴梅话梅经典原味40g,麦香堡夹心豆沙面包40克,喜之郎黄桃＆蜜桃果肉果冻200克,圣茗香鹌鹑蛋45克,伊利纯牛奶250ML,
光明莫斯利安酸牛奶(原味)190g*6盒,芽变葡萄(一级),南瓜（一级）,土豆（一级）,芋艿（一级）,,,,,,,,,,,,,,,,,,,,
海天黄豆酱800g,新疆红枣（一级）,白砂糖(散),紫甘薯（一级）,,,,,,,,,,,,,,,,,,,,,
海天草菇老抽酱油500ml,奥妙超效洗衣皂含芦荟精华206克*2,,,,,,,,,,,,,,,,,,,,,,,
黑茄（一级）,黄芽菜（一级）,苦瓜（一级）,木耳菜（一级）,灯椒（一级）,散花菜(一级),裙带菜,西红柿（一级）,百合（一级）,杏包菇（一级）,,,,,,,,,,,,,,,
一级国产黑布林,鲜鸡蛋,,,,,,,,,,,,,,,,,,,,,,,
南瓜（一级）,南瓜（一级）,小葱（一级）,零接触男夏季清仓短裤T15,,,,,,,,,,,,,,,,,,,,,
花蛤,,,,,,,,,,,,,,,,,,,,,,,,
鲜鸡蛋,散装卡夫闲趣清咸自然原味韧性饼干,巨能家常清凉爽滑面600克,,,,,,,,,,,,,,,,,,,,,,
今野拉面雪菜肉丝面88g*5包,百野轩排骨味有机紫菜汤72g,,,,,,,,,,,,,,,,,,,,,,,
大黄鱼条,,,,,,,,,,,,,,,,,,,,,,,,
白木耳(一级),白砂糖(散),,,,,,,,,,,,,,,,,,,,,,,
紫甘薯（一级）,青菜（一级）,,,,,,,,,,,,,,,,,,,,,,,
国产香蕉（一级）,鲜鸡蛋,民益散装打折糕点系列,食上川府豆干散装,凯旋溜溜九制梅(话化类)60g,卡夫TUC闲趣清咸自然原味韧性饼干1,双汇王中王骨香风味特级火腿肠270g,凯旋溜溜话梅40克,鲜一族卤鸡蛋35克,,,,,,,,,,,,,,,,
全无敌杀虫气雾剂(清香型)600ml,妙洁100型经济装保鲜膜30cm*30m,,,,,,,,,,,,,,,,,,,,,,,
海天黄豆酱2kg,,,,,,,,,,,,,,,,,,,,,,,,
带鱼200-300,今麦郎手打鸡蛋面200克,宫川儿童全鲜鸡蛋蝴蝶面150g,,,,,,,,,,,,,,,,,,,,,,
新西兰猕猴桃（一级）,花蛤,,,,,,,,,,,,,,,,,,,,,,,
巨能家常拉面600克,超能去渍365洗衣粉（倍净焕彩）180,蓝月亮衣领净+衣领净补充液500g+50,海天黄豆酱800g,百合（一级）,,,,,,,,,,,,,,,,,,,,
散装东北米(中汇),散装东北米(中汇),佳洁士防蛀修护牙膏清新青柠香型20,索芙特汉方玫瑰香薰香浴露1kg,,,,,,,,,,,,,,,,,,,,,
一品珍白木耳60g,小白菜（一级）,云楼荷兰瓜200g,塑料购物袋(大),太太乐鸡精250克,亲友白砂糖450g,太太乐加鲜味精500克,日本南瓜（一级）,雕牌透明皂(阳光清柠)228克,全无敌蚊香(花香型)31g*20双盘,黄芩中药高级牙膏200克,美则胜软毛牙刷(二支)202,,,,,,,,,,,,,
小白菜（一级）,小白菜（一级）,塑料购物袋(大),黑人双重薄荷(原味清凉)牙膏180克,黄芩中药高级牙膏200克,超能椰果植物焕彩洗衣皂260g*2,全无敌电热蚊香片(清香型)90片+1加,蓝月亮Q厕宝50g*4,蓝怡雪文胸32058（38）,日本南瓜（一级）,太太乐鸡精500克,云楼荷兰瓜200g,,,,,,,,,,,,,
甬江特制五年加饭酒3.75L,可扬野生紫菜12g,,,,,,,,,,,,,,,,,,,,,,,
三全麦香早点奶香馒头1.36kg,,,,,,,,,,,,,,,,,,,,,,,,
科立泰迷你火锅QLT-6040(4L),,,,,,,,,,,,,,,,,,,,,,,,
芋艿（一级）,,,,,,,,,,,,,,,,,,,,,,,,
华净彩色环保分类垃圾袋(45*55*30,,,,,,,,,,,,,,,,,,,,,,,,
鲜鸡蛋,鸡翅根(特等),,,,,,,,,,,,,,,,,,,,,,,
苦瓜（一级）,国产香蕉（一级）,鲈鱼（三级）,威龙樽杯红葡萄酒1L,,,,,,,,,,,,,,,,,,,,,
绿豆,佛手味精80度250克,鸭爪,,,,,,,,,,,,,,,,,,,,,,
白砂糖(散),绿豆,雪碧1.25L+美汁源果粒橙1.25L两联,萝卜（一级）,L`TNTY女中童牛仔短裤K-8841,旺旺碎冰冰果味饮料菠萝味78ml,旺旺碎冰冰果味饮料柑桔味78ml,旺旺碎冰冰果味饮料乳酸味78ml,旺旺碎冰冰果味饮料菠萝味78ml,旺旺碎冰冰果味饮料柑桔味78ml,旺旺碎冰冰果味饮料乳酸味78ml,,,,,,,,,,,,,,
康师傅冰红茶柠檬味利乐包250ML,,,,,,,,,,,,,,,,,,,,,,,,
萝卜（一级）,南瓜（一级）,,,,,,,,,,,,,,,,,,,,,,,
鸭边腿,河鲫鱼（三级）,,,,,,,,,,,,,,,,,,,,,,,
香菜（一级）,海带丝,裙带菜,鸭爪,,,,,,,,,,,,,,,,,,,,,
国产香蕉（一级）,洋葱头（一级）,紫甘薯（一级）,,,,,,,,,,,,,,,,,,,,,,
旺仔牛奶灭菌调味牛乳145ml,超能椰果洗衣皂260g,,,,,,,,,,,,,,,,,,,,,,,
北高峰糯米黄酒（袋）400ml,青菜（一级）,五丰刀切馒头450g,红富士80#（一级）,苦瓜（一级）,加碘精制盐400克,雪涛日晒自然盐300克,宫川荞麦挂面350克*2,,,,,,,,,,,,,,,,,
河鲫鱼,初生蛋,一级水蜜桃,散装东北米(中汇),荷兰青瓜（一级）,,,,,,,,,,,,,,,,,,,,
莲虹男短裤840(XXL),莲虹男短裤830(XXXL),,,,,,,,,,,,,,,,,,,,,,,
青瓜（一级）,唯新儿童营养肉酥115克,丘比沙拉酱香甜味200克,双汇王中王优级火腿肠130克,,,,,,,,,,,,,,,,,,,,,
小葱（一级）,散装新乐福排骨梳打发酵饼干,散装康元咸味忌司,,,,,,,,,,,,,,,,,,,,,,
小葱（一级）,鲈鱼（三级）,,,,,,,,,,,,,,,,,,,,,,,
七度空间纯棉夜用超薄卫生巾10片QS,,,,,,,,,,,,,,,,,,,,,,,,
金龙鱼第二代调和油5L,,,,,,,,,,,,,,,,,,,,,,,,
紫丁香雪怡八角壶1.1L(DK11),光明酸奶原味经济装100g*8,富光炫耀太空杯FGA102-500型(500ml,塑料购物袋(大),鲜鸡蛋,L钰杰依典女短裤A-2,麦香堡夹心豆沙面包40克,佳洁士超细毛养龈牙刷两支装第2支,,,,,,,,,,,,,,,,,
雪涛日晒自然盐300克,冷酸灵脱敏牙膏水果香型130克,佳洁士茶爽炫白（柠檬茶香型）牙膏,佛手味精99度1kg,,,,,,,,,,,,,,,,,,,,,
三江购物无磷洗衣粉1.6kg,花慕兰健康美肌沐浴露(木瓜美白)1k,奥妙超效洗衣皂含芦荟精华206克*2,纸音长卷卫生纸(8011)10卷装,洁玉英伦风尚毛巾JY-9013F(34*74cm,塑料购物袋(大),蓝怡雪印花蕾丝有托文胸32154(B36),李字（檀香型）蚊香5双盘,,,,,,,,,,,,,,,,,
国产香蕉（一级）,塑料购物袋(大),小葱（一级）,旺仔小馒头原味蜂蜜210g,卡夫三层高钙梳打饼干香葱蔬菜味10,娃哈哈爽歪歪益生菌酸奶饮品125ml*,,,,,,,,,,,,,,,,,,,
散装动心一族奶油果仁蛋糕,,,,,,,,,,,,,,,,,,,,,,,,
绿箭口香糖(5片)15克,光明酸奶原味经济装100g*8,银鹭桂圆八宝粥360g,,,,,,,,,,,,,,,,,,,,,,
蒜头（一级）,生姜（一级）,散装东北大米(三江购物),,,,,,,,,,,,,,,,,,,,,,
洁柔布艺软抽200抽*3,南阳之星时尚系列双层抽取面纸200,洁成垃圾袋50*60CM30只3卷,榄菊蚊香大盘装（无烟型）175g,,,,,,,,,,,,,,,,,,,,,
生姜（一级）,芋艿（一级）,,,,,,,,,,,,,,,,,,,,,,,
紫甘薯（一级）,长瓜（一级）,芋艿（一级）,,,,,,,,,,,,,,,,,,,,,,
鸡爪,,,,,,,,,,,,,,,,,,,,,,,,
嘎啦(一级),亲友阿胶枣228g,苦瓜（一级）,芬达橙汁汽水2.3L,咸亨辣味腐乳300克,香哆哆香辣青豆88克,双熊猫抽取式绉纹卫生纸300张,南阳之星双层抽取式面巾纸200抽*8,舒肤佳纯白清香型香皂125克,国产香蕉（一级）,,,,,,,,,,,,,,,
嘎啦(一级),散装徐福记糕饼系列,丘比原味沙拉酱200克,养元六个核桃核桃乳香纯型240ml,养元木糖醇六个核桃核桃乳240ml,养元六个核桃核桃乳精品型240ml,,,,,,,,,,,,,,,,,,,
散装喜之郎果汁果冻条系列,散装新乐福排骨梳打发酵饼干,光明e+益生菌酸牛奶(原味)125g,,,,,,,,,,,,,,,,,,,,,,
花蛤,,,,,,,,,,,,,,,,,,,,,,,,
伊利谷粒多牛奶饮品(红)250ml,,,,,,,,,,,,,,,,,,,,,,,,
小白菜（一级）,小葱（一级）,香菜（一级）,,,,,,,,,,,,,,,,,,,,,,
国产香蕉（一级）,火龙果（一级）,干海带,太太乐宴会特鲜酱油623ml,今麦郎手打鸡蛋面200克,今麦郎手打拉面200克,太太乐蔬之鲜调味料250g,,,,,,,,,,,,,,,,,,
五丰玉米刀切450g,湾仔码头香菇素菜大包390g,塑料购物袋(大),五芳斋速冻鲜肉粽(熟制)500g,三全面点坊香菇素菜包360g,光明e+益生菌酸牛奶原味190g,光明芦荟酸奶125g*6,富华林花生仁450g,云楼学生榨菜丝168g,云楼榨菜条158g,富华林核桃仁350g,,,,,,,,,,,,,,
塑料购物袋(大),,,,,,,,,,,,,,,,,,,,,,,,
芹菜（一级）,,,,,,,,,,,,,,,,,,,,,,,,
赤豆,白砂糖(散),塑料购物袋(大),红糖(散),新疆红枣（一级）,福临门天然谷物调和油5升,绿豆,,,,,,,,,,,,,,,,,,
光明牌酸奶490g,光明纯鲜牛奶200ml,西红柿（一级）,蒜头（一级）,小米(散),鲜鸡蛋,衢州熊猫卫生纸袋装400克,百合（一级）,,,,,,,,,,,,,,,,,
鲜鸡蛋,,,,,,,,,,,,,,,,,,,,,,,,
带鱼200-300,清美素香糕(散),三珍斋多油咸鸭蛋390g(65g*6),三全麦香早点奶香馒头1.36kg,塑料购物袋(大),,,,,,,,,,,,,,,,,,,,
小白菜（一级）,洋葱头（一级）,蒜头（一级）,鲜鸡蛋,清美素香糕(散),奥妙超效洗衣皂含芦荟精华206克*2,多晶冰糖(散),,,,,,,,,,,,,,,,,,
蒙牛真果粒牛奶饮品(桃果粒)250ml,蒙牛真果粒牛奶饮品(草莓果粒)250m,海天特级味极鲜酱油500ml,北高峰糯米黄酒（袋）400ml,,,,,,,,,,,,,,,,,,,,,
三全麦香早点奶香馒头1.36kg,,,,,,,,,,,,,,,,,,,,,,,,
民益散装打折糕点系列,白砂糖(散),,,,,,,,,,,,,,,,,,,,,,,
金龙鱼第二代调和油5L,葵花阳光大米(散装),,,,,,,,,,,,,,,,,,,,,,,
麦轩老婆饼280克,上好佳芝士条40g,可比克香辣薯片60克,塑料购物袋(大),大好大纸包瓜子138克,脉动维生素饮料水蜜桃口味600ml,怡宝饮用纯净水555ml,银鹭花生牛奶蛋白饮料500ml,娃哈哈营养快线果汁酸奶饮品椰子味,美汁源爽粒葡萄葡萄汁饮料420ml,蒙牛高钙低脂牛奶250ml,旺仔牛奶复原乳245ml,松川屋油炸青豆(麻辣味)50克,,,,,,,,,,,,
心相印手帕纸W112/9包装,塑料购物袋(大),波力鳕柳丝原味40克,喜之郎美好时光原味海苔4.5克,喜之郎蜜桔果肉优酪果冻160克,统一奶茶（可可）250ml,喜之郎什锦果肉果冻200克,上好佳玉米口味田园泡40g,舜吉香脆鸡排65克,统一奶茶（草莓）味饮料250ml,旺仔牛奶灭菌调味牛乳125ml*4,小燕子香酥鱼仔45克,娃哈哈冰红茶500ML,喜之郎果冻爽苹果味150克,味聚特烧烤藕片80克,牛奶果然多香醇原味特浓奶卷奶糖16,,,,,,,,,
益达木糖醇口香糖清爽西瓜味56克,,,,,,,,,,,,,,,,,,,,,,,,
踏佳路镂空女凉鞋630,,,,,,,,,,,,,,,,,,,,,,,,
带鱼200-300,,,,,,,,,,,,,,,,,,,,,,,,
白砂糖(散),大白菜（一级）,,,,,,,,,,,,,,,,,,,,,,,
翠冠梨（一级）,绿豆,干海带,小红豆,二级哈密瓜,,,,,,,,,,,,,,,,,,,,
老州山生虾皮,清美五香油干250g,白木耳(一级),三江购物龙须面250g,,,,,,,,,,,,,,,,,,,,,
半片鸭,全无敌蚊香(花香型)31g*20双盘,,,,,,,,,,,,,,,,,,,,,,,
黄芽菜（一级）,鸡翅根(特等),光明纯鲜牛奶1.5L,花蛤,咸亨辣味腐乳300克,花蛤,一级哈密瓜,杏包菇（一级）,小白菜（一级）,红富士75#果（一级）,红富士80#（一级）,一级哈密瓜,,,,,,,,,,,,,
鲜鸡蛋,,,,,,,,,,,,,,,,,,,,,,,,
鲜鸡蛋,生姜（一级）,三江购物保鲜袋促销装40110(25*35),,,,,,,,,,,,,,,,,,,,,,
紫甘薯（一级）,木耳菜（一级）,白砂糖(散),,,,,,,,,,,,,,,,,,,,,,
金富士脆美司红番茄棒饼384克,三辉叮当铜锣烧红豆味280克,波力海苔原味24克(8切8枚),塑料购物袋(大),格力高菜园小饼比萨味100克,喜之郎优乐美麦香味奶茶22克,日清格力高菜园小饼蕃茄味100克,,,,,,,,,,,,,,,,,,
西王玉米胚芽油5L,三江购物东北珍珠米15kg,明润皱纹卫生纸500克,维纳斯牛头牌高效去油洗洁精2kg,塑料购物袋(大),百雀羚蚕丝丝素净白莹润柔肤水100m,云蕾七彩浴花56649,中美史克舒适达全面护理清新牙膏12,甘霖白砂糖500g,雪涛日晒自然盐300克,北高峰糯米黄酒（袋）400ml,杂粮面(散),,,,,,,,,,,,,
蒙牛果蔬酸酸乳草莓味饮品250ml,,,,,,,,,,,,,,,,,,,,,,,,
海天招牌拌饭酱(香辣)300克,南方女人多维豆浆粉350g,,,,,,,,,,,,,,,,,,,,,,,
百合（一级）,,,,,,,,,,,,,,,,,,,,,,,,
光明纯鲜牛奶980ml,清美传统腐竹200g,,,,,,,,,,,,,,,,,,,,,,,
安妮芳2条装女弹力棉三角裤2539（L,蓝怡雪裹胸4405,蓝怡雪竹纤维裹胸4578,天作洋槐蜜500g,北方绿人绿色杂粮木糖醇消化饼干39,福临门非转基因压榨葵花籽油5升,,,,,,,,,,,,,,,,,,,
爱富搪瓷锅盖32cm,应源搪瓷防锈铁锅1008-32cm,亲友枸杞王220g,舒肤佳纯白清香型香皂125克,汤师傅紫菜虾米汤72克,散装喜之郎果汁果冻条系列,云楼大蒜头200g,益达无糖口香糖清爽西瓜味13.5克,绿箭口香糖(5片)15克,塑料购物袋(大),苏泊尔豪华自动电饭煲CFXB40YB7C-7,,,,,,,,,,,,,,
蒙牛优益C活菌型乳酸菌乳饮料(芦荟,蒙牛优益C活菌型乳酸菌乳饮料(原味,蓝带啤酒11度拉罐330ml,老李五香蛋45克,,,,,,,,,,,,,,,,,,,,,
鲜鸡蛋,光皮蛋,干海带,,,,,,,,,,,,,,,,,,,,,,
三江购物大豆油1.8L,生姜（一级）,花蛤,广中皇老牌腐乳皇白腐乳328g,乌江牌鲜香菜丝80克,乌江涪陵榨菜鲜爽菜丝80克,绿盛百卤坊五香凤爪30g,,,,,,,,,,,,,,,,,,
国产香蕉（一级）,青苹果（一级）,海带丝,,,,,,,,,,,,,,,,,,,,,,
南瓜（一级）,,,,,,,,,,,,,,,,,,,,,,,,
黑人茶倍健薄荷含氟牙膏140g,青蛙爽朗型牙刷992,清风原木纯品抽取式面纸(BR38MC)20,娃哈哈营养快线牛奶果昔饮品原味28,,,,,,,,,,,,,,,,,,,,,
贝因美1段乳清蛋白营养米粉225克,,,,,,,,,,,,,,,,,,,,,,,,
散装糯米,康师傅冰红茶柠檬味利乐包250ML,蒙牛酸酸乳蓝莓味乳饮料250ml,蒙牛优益C活菌型乳酸菌乳饮料(原味,,,,,,,,,,,,,,,,,,,,,
一级青提,萝卜（一级）,苦瓜（一级）,日本南瓜（一级）,可扬野生紫菜12g,青菜（一级）,黑糯玉米(只),芋艿（一级）,尖椒（一级）,今麦郎手打鸡蛋面200克,今麦郎手打拉面200克,,,,,,,,,,,,,,
小白菜（一级）,花蛤,,,,,,,,,,,,,,,,,,,,,,,
鸭边腿,国产香蕉（一级）,白砂糖(散),,,,,,,,,,,,,,,,,,,,,,
鲜鸡蛋,味好美脆皮香辣炸鸡配料45克,蓝月亮深层洁净护理洗衣液薰衣草香,,,,,,,,,,,,,,,,,,,,,,
长瓜（一级）,鲈鱼（三级）,,,,,,,,,,,,,,,,,,,,,,,
百威9.7度啤酒拉罐500ml,青岛啤酒1903奥古特12度罐装500ml,塑料购物袋(大),,,,,,,,,,,,,,,,,,,,,,
盼盼番茄味薯片(家庭装)138克,麦香堡夹心豆沙面包40克,圣茗香原味蛋35g,圣茗香原味鹌鹑蛋22g,扁担老头五香味豆干90g,婆婆嘴野山椒凤爪90克,国产香蕉（一级）,生姜（一级）,乌江涪陵榨菜鲜爽菜丝80克,乌江牌鲜香菜丝80克,乌江涪陵榨菜80克,,,,,,,,,,,,,,
国产香蕉（一级）,白砂糖(散),莲虹男短裤830(XXXL),,,,,,,,,,,,,,,,,,,,,,
鸭爪,光皮蛋,元宝牌优质特精小麦粉2.5kg,白砂糖(散),,,,,,,,,,,,,,,,,,,,,
新鲜生姜（一级）,带鱼200-300,对虾,,,,,,,,,,,,,,,,,,,,,,
霍尔格断码女凉鞋T40,蓝怡雪特大有托文胸3313(38#),,,,,,,,,,,,,,,,,,,,,,,
巨能纤味馆爽滑鸡蛋面454克,雪莲天然乳胶家用手套中号,三全麦香早点奶香馒头1.36kg,塑料购物袋(大),,,,,,,,,,,,,,,,,,,,,
可口可乐1.25L+酷儿橙汁1.5L组合装,卡夫乐之小清新土豆原味土豆脆片45,贝因美营养米粉组合装450g(225g*2,,,,,,,,,,,,,,,,,,,,,,
冬瓜（一级）,兰州包心菜（一级）,小葱（一级）,国产香蕉（一级）,红萝卜（一级）,萝卜（一级）,,,,,,,,,,,,,,,,,,,
咸亨香糟卤500ml,咸亨南乳汁500ml,坛坛香精致剁辣椒425克,宝鼎天鱼香糟卤300ml,,,,,,,,,,,,,,,,,,,,,
鲜鸡蛋,兰州包心菜（一级）,黑豆(散),丘比沙拉酱香甜味200克,,,,,,,,,,,,,,,,,,,,,
鲁花压榨一级花生油2.5L,,,,,,,,,,,,,,,,,,,,,,,,
兰州包心菜（一级）,苦瓜（一级）,冬瓜（一级）,红萝卜（一级）,,,,,,,,,,,,,,,,,,,,,
鲜鸡蛋,,,,,,,,,,,,,,,,,,,,,,,,
花蛤,,,,,,,,,,,,,,,,,,,,,,,,
星燎原图书3.9,,,,,,,,,,,,,,,,,,,,,,,,
统一100老坛酸菜牛肉味面118克,白家酸辣粉丝袋装108克,亨氏优加营养胡萝卜面条246克,,,,,,,,,,,,,,,,,,,,,,
兰州包心菜（一级）,,,,,,,,,,,,,,,,,,,,,,,,
美汁源(热带果粒+果粒橙)1.25L组合,榄菊蚊香大盘装（高级型）310g,塑料购物袋(大),雯丽豆乳蛋白水润白皙面贴膜1片装,花蛤,良厨灌汤鲜肉水饺450g,黑茄（一级）,芹菜（一级）,小白菜（一级）,,,,,,,,,,,,,,,,
清美素香糕(散),,,,,,,,,,,,,,,,,,,,,,,,
零度可口可乐汽水拉罐(无糖)330ml,小红豆,绿豆,达利园法式软面包香奶味600g,蒙牛新养道低乳糖牛奶250ml,蒙牛新养道珍养牛奶250ml,,,,,,,,,,,,,,,,,,,
今麦郎葱香排骨面109克五连包,蒙牛妙妙草莓乳酸饮品125ml*4,旺旺碎冰冰果味饮料柑桔味78ml,旺旺碎冰冰果味饮料菠萝味78ml,旺旺碎冰冰果味饮料草莓味78ml,旺旺碎冰冰果味饮料乳酸味78ml,旺旺碎冰冰果味饮料柑桔味78ml,旺旺碎冰冰果味饮料菠萝味78ml,旺旺碎冰冰果味饮料草莓味78ml,旺旺碎冰冰果味饮料乳酸味78ml,,,,,,,,,,,,,,,
V4028维达蓝色经典卷筒纸10卷装,黑人双重薄荷(原味清凉)牙膏180克,,,,,,,,,,,,,,,,,,,,,,,
清美四鲜烤麸250g,清美精制小素肠(散),海带丝,蒙牛酸牛奶(原味)950g,蒙牛高钙低脂牛奶250ml,,,,,,,,,,,,,,,,,,,,
统一老坛酸菜牛肉风味酱拌面122克,统一卤肉拌面卤香牛肉味110克,,,,,,,,,,,,,,,,,,,,,,,
喜拖拖吹气男拖9020,塑料购物袋(大),,,,,,,,,,,,,,,,,,,,,,,
冬瓜（一级）,,,,,,,,,,,,,,,,,,,,,,,,
三辉麦风提拉米苏巧克力味蛋糕100,S兰中花女中裤826(-1),盼盼烧烤牛排105克,圣茗香鹌鹑蛋45克,如果他夹心棒棒糖18g,珍宝珠混合味硬糖棒棒糖10.5克,奥妙超效洗衣皂含芦荟精华206克*2,舒肤佳纯白清香型香皂125克,,,,,,,,,,,,,,,,,
奥妙净蓝全效水清莲香无磷洗衣粉1.,塑料购物袋(大),西红柿（一级）,益达至尊爽洁微粒无糖口香糖56克,娃哈哈花生牛奶蛋白饮品500ml,美汁源果粒奶优饮料清香菠萝味450m,鲜鸡蛋,,,,,,,,,,,,,,,,,,
长寿花金胚玉米油2.5L,今麦郎葱香排骨面109克五连包,乡下妹榨菜芯85克,心相印婴儿专用面巾纸DT1120(120抽,清风超质感抽取式面巾纸200抽*3,塑料购物袋(大),日清开杯乐五香牛肉面83克,统一来一桶红烧牛肉面105克,康师傅红烧牛肉面桶装105克,备得福麻油榨菜60克,备得福麻油榨菜160克,厨邦美味鲜酱油760ml,海天锦上鲜蒜蓉辣椒酱230克,蓝月亮芦荟洗手液+芦荟补充装500g+,妙洁畅饮杯210ml(80只装),金钟玫瑰米醋袋装225ml,,,,,,,,,
沙宣空气感卷发蜡50g,佳洁士全优7效牙膏90克配磨砂水杯,心相印优选通用清洁湿巾20片装,益达无糖口香糖热带水果味12片32克,荷氏草本润喉糖冰糖雪梨味20.8克,丝诺纯棉木棒棉签100支装,,,,,,,,,,,,,,,,,,,
鲜鸡蛋,塑料购物袋(大),雪碧清爽柠檬味汽水500ml,鸭爪,山竹（一级）,蓝月亮亮白增艳深层洁净洗衣液自然,单晶冰糖(散),白砂糖(散),黑米,小米(散),光明e+益生菌酸牛奶(原味)125g,雯丽芦荟原液深层补水面贴膜1片装,雯丽红酒多酚炫透亮白面贴膜1片装,百顺割绒提花童巾0220(25*50cm),百顺割绒提花童巾0103(26*52cm),百顺割绒勾边提花童巾1602(25*50cm,世家中号点断式保鲜袋（150只+30只,可洁可净物理磨尖毛牙刷5支装K323,维纳斯多效金银花花露水195ml,世家清洁球（2只装）21044,苏泊尔好帮手精铸铁锅(FC32E2)32CM,,,,
蒙牛高钙牛奶250ml,蒙牛特仑苏低脂奶250ml*12,,,,,,,,,,,,,,,,,,,,,,,
喜之郎美好时光海苔7.5克,福马咪咪油炸小食品红烧牛肉味180,舒肤佳纯白清香型香皂125克,华味亨冰糖杨梅180克,智神无核阿胶蜜枣50克,不二家棒棒糖50克*8支,润亨红珍珠迷你山楂片155克,香飘飘珍珠奶茶香芋70克,荷氏冰球无糖冰泉蓝莓薄荷糖15克,润亨阿胶蜜枣50克,绿箭口香糖(5片)15克,,,,,,,,,,,,,,
兰州包心菜（一级）,红萝卜（一级）,土豆（一级）,,,,,,,,,,,,,,,,,,,,,,
三江购物大豆油5L,,,,,,,,,,,,,,,,,,,,,,,,
塔牌绍兴酒15.5度3L,土豆（一级）,,,,,,,,,,,,,,,,,,,,,,,
上海药皂高级透明药皂130g,,,,,,,,,,,,,,,,,,,,,,,,
老李五香鸡翅80克,益达无糖口香糖清爽西瓜味13.5克,,,,,,,,,,,,,,,,,,,,,,,
爱特福‘84’消毒液518ml,蓝月亮卫诺衣物消毒液2kg,蓝月亮亮白增艳深层洁净洗衣液薰衣,,,,,,,,,,,,,,,,,,,,,,
本地鲜鸡蛋,,,,,,,,,,,,,,,,,,,,,,,,
八宝粥料(散),,,,,,,,,,,,,,,,,,,,,,,,
塑料购物袋(大),,,,,,,,,,,,,,,,,,,,,,,,
长粒香糯米(散),香软粳米(散装),,,,,,,,,,,,,,,,,,,,,,,
运隆带手柄水桶(大)YL5404,,,,,,,,,,,,,,,,,,,,,,,,
一级哈密瓜,五丰好媳妇灌汤水饺(芹菜猪肉)420g,,,,,,,,,,,,,,,,,,,,,,,
西红柿（一级）,丝瓜（一级）,灯椒（一级）,日本南瓜（一级）,,,,,,,,,,,,,,,,,,,,,
可口可乐汽水2.3L,雪碧汽水2.3L,,,,,,,,,,,,,,,,,,,,,,,
楚源香米(散),白大夫瞬透补湿BB隔离霜30g,,,,,,,,,,,,,,,,,,,,,,,
三江购物大豆油5L,,,,,,,,,,,,,,,,,,,,,,,,
蒙牛纯牛奶250ML,尖椒（一级）,,,,,,,,,,,,,,,,,,,,,,,
百事可乐1.25L+纯果乐鲜果粒橙汁饮,醒目西瓜汁500ML,奥妙超效洗衣皂含芦荟精华206克*2,,,,,,,,,,,,,,,,,,,,,,
塑料购物袋(大),,,,,,,,,,,,,,,,,,,,,,,,
康师傅矿物质水550ml,娃哈哈AD钙奶饮料100ml*6,伊利QQ星儿童草莓味乳饮品100ml*5,,,,,,,,,,,,,,,,,,,,,,
散装东北长粒香米(三江购物),娃哈哈营养快线果汁牛奶饮品原味1.,益达木糖醇无糖口香糖香浓蜜瓜味56,塑料购物袋(大),,,,,,,,,,,,,,,,,,,,,
萨拉咪琵琶翅28克,佳雪渗透面膜心动装,彩虹原果味果汁糖45克,雯丽芦荟原液深层补水面贴膜1片装,乐事墨西哥鸡汁番茄味薯片45g,奥妙99超效洗衣皂226g,好丽友蘑古力红豆精灵48克,萨啦咪小鸡腿A+(薰味)28克,塑料购物袋(大),,,,,,,,,,,,,,,,
鲁王特精粉2.5kg,,,,,,,,,,,,,,,,,,,,,,,,
三江购物整理箱SJ-034,爱家固体清香剂超值装(沁凉香柠)70,,,,,,,,,,,,,,,,,,,,,,,
新康可甜酒酿360g,国产香蕉（一级）,,,,,,,,,,,,,,,,,,,,,,,
上好佳番茄口味田园薯片50克,PP恒康甘草瓜子168克,塑料购物袋(大),乐事清新清爽黄瓜味薯片45g,康师傅红烧牛肉面随心杯55克*3杯,蒙牛酸牛奶(原味)100g*8,统一100老坛酸菜牛肉面64克,,,,,,,,,,,,,,,,,,
康师傅矿物质水550ml,惠尔康谷粒谷力红豆浆饮品250毫升,,,,,,,,,,,,,,,,,,,,,,,
绿箭绿茶薄荷口香糖13.5克,三全麦香早点奶香馒头1.36kg,喜之郎果冻爽荔枝味150克,喜之郎果冻爽菠萝味150克,喜之郎果冻爽柠檬味150克,蒙牛酸牛奶(原味)100g*8,塑料购物袋(大),,,,,,,,,,,,,,,,,,
唯新无糖营养肉酥115克,宜慧核桃酥320克,鲜鸡蛋,,,,,,,,,,,,,,,,,,,,,,
坛坛香精致剁辣椒425克,,,,,,,,,,,,,,,,,,,,,,,,
澳华3号橡胶篮球,星燎原图书6,兰州包心菜（一级）,鲜鸡蛋,红提（一级）,,,,,,,,,,,,,,,,,,,,
鲁王特精粉2.5kg,老州山海蜒,金龙鱼玉米油5L,,,,,,,,,,,,,,,,,,,,,,
花蛤,龙士达小号清新冷水壶L-310,喜之郎果冻爽菠萝味150克,喜之郎果冻爽荔枝味150克,,,,,,,,,,,,,,,,,,,,,
三全麦香早点奶香馒头1.36kg,,,,,,,,,,,,,,,,,,,,,,,,
日清格力高菜园小饼蕃茄味100克,三江购物梦幻心情抽取式面巾纸(双,光明纯鲜牛奶1.5L,安尔乐清爽卫生护垫无香20片（LDBS,冠生园蜂蜜500克,护舒宝超值干爽丝薄夜用卫生巾10片,恒顺酿造白醋500ml,丝瓜（一级）,空心菜（一级）,太太乐宴会特鲜酱油623ml,土豆（一级）,冬瓜（一级）,,,,,,,,,,,,,
清美高房内酯豆腐350g,三珍斋食用淀粉280g,塞翁福红薯淀粉250g,太太乐醇珍鲜鸡汁238g,,,,,,,,,,,,,,,,,,,,,
雪碧清爽柠檬味汽水500ml,生姜（一级）,,,,,,,,,,,,,,,,,,,,,,,
可口可乐汽水500ml,紫甘薯（一级）,韭菜（一级）,,,,,,,,,,,,,,,,,,,,,,
塑料购物袋(大),恒顺酿造白醋500ml,丹芭碧持久定型渚喱150g,五丰黑米刀切450g,多晶冰糖(散),三全麦香早点奶香馒头1.36kg,,,,,,,,,,,,,,,,,,,
五丰黑米刀切450g,五丰麻蓉包510g,甘汁园姜汁红糖350g,三全麦香早点奶香馒头1.36kg,,,,,,,,,,,,,,,,,,,,,
苏菲弹力贴身极薄日用卫生巾16片,苏菲动感丝薄日用卫生巾10片1026,苏菲动感丝薄超长吸收350(8片装109,洁云迷你手帕纸122240(12包),护舒宝透气纯棉感轻薄卫生护垫淡香,塑料购物袋(大),妙洁纸杯80只装228ml,三笑刚柔并济牙刷二支装,舒肤佳纯白清香型香皂125克,紫丁香雪怡八角壶1.1L(DK11),,,,,,,,,,,,,,,
白砂糖(散),塑料购物袋(大),兰州包心菜（一级）,,,,,,,,,,,,,,,,,,,,,,
塑料购物袋(大),妙洁塑料酷杯(240ml)50只,雪松面巾纸450张,,,,,,,,,,,,,,,,,,,,,,
一级水蜜桃,,,,,,,,,,,,,,,,,,,,,,,,
绿力冬瓜茶饮料500ml,雯丽冰纯高倍补水面膜贴50g*1片装,晨光中性笔0.7mmVGP-1111(4支装),塑料购物袋(大),,,,,,,,,,,,,,,,,,,,,
生姜（一级）,小白菜（一级）,,,,,,,,,,,,,,,,,,,,,,,
塑料购物袋(大),,,,,,,,,,,,,,,,,,,,,,,,
三江购物大豆油5L,维纳斯牛头牌高效去油洗洁精2kg,统一卤肉拌面卤香牛肉味110克,统一老坛酸菜牛肉风味酱拌面122克,,,,,,,,,,,,,,,,,,,,,
鸿兴源好德十香粉30克,,,,,,,,,,,,,,,,,,,,,,,,
花蛤,,,,,,,,,,,,,,,,,,,,,,,,
福临门东北优质大米10kg,金龙鱼橄榄原香食用调和油1.8L,云楼精什锦200g,,,,,,,,,,,,,,,,,,,,,,
牛奶果然多香醇原味特浓奶卷奶糖16,上好佳辣味虾条40g,,,,,,,,,,,,,,,,,,,,,,,
零度可口可乐汽水拉罐(无糖)330ml,蒙牛未来星儿童肠胃成长牛奶125ml*,味千猪骨汤拉面305g,,,,,,,,,,,,,,,,,,,,,,
闽洋海蛰丝(香辣味)150g,嘎啦(一级),海天锦上鲜蒜蓉辣椒酱230克,绿豆,,,,,,,,,,,,,,,,,,,,,
友益佳阿胶枣252g,亲友清凉粥360g,,,,,,,,,,,,,,,,,,,,,,,
双汇王中王优级火腿肠40g,统一100精炖番茄牛肉面100克,康师傅酸菜牛肉面118克,,,,,,,,,,,,,,,,,,,,,,
白砂糖(散),,,,,,,,,,,,,,,,,,,,,,,,
香软粳米(散装),,,,,,,,,,,,,,,,,,,,,,,,
农夫山泉量贩装水550ml*12,舒肤佳芦荟香皂125克,力士美肤沐浴乳（闪亮冰爽）400ml,三笑2210+2210摩力护龈牙刷,海飞丝丝质柔滑去屑洗发露500ml,,,,,,,,,,,,,,,,,,,,
一级藤稔葡萄,云楼榨菜芯200g,舒肤佳纯白清香型香皂125克,,,,,,,,,,,,,,,,,,,,,,
小米(散),波纹面(一级),兰州包心菜（一级）,红皮花生米（一级）,土豆（一级）,薏米仁(散),洋葱头（一级）,莲虹少女背心6699(L),"东海儿童汗布印花三角裤9007(70"""""""")""""",白砂糖(散),塑料购物袋(大),,,,,,,,,,,,,,
南阳之星双层抽取式面巾纸200抽*8,一级青提,红富士80#（一级）,索芙特汉方养护清爽去屑洗发露400g,六神花露水大号195ml,黑妹茶极爽牙膏(龙井薄荷香型)210g,洁身妙浴搓泥200ml,塑料购物袋(大),蒙牛酸酸乳草莓味乳饮料250ml,,,,,,,,,,,,,,,,
阿一波紫菜汤海鲜味80克,金山恒顺御宴醋580ml,加碘精制盐400克,乡下妹古制去皮榨菜88克,塑料购物袋(大),苏菲安心棉柔表层纤巧日用卫生巾20,超能香樟洗衣皂260g,立白强效去渍洗衣皂246克,娇爽护垫清晨淡香40片,丝尚亲肤柔棉日夜组合卫生巾12片,莲虹弹力棉女短裤1399(L-XL),蓝怡雪无托文胸3011(36/80),朵朵棉舒超薄日用卫生巾10片,,,,,,,,,,,,
鲁王特精粉2.5kg,云楼学生榨菜丝168g,,,,,,,,,,,,,,,,,,,,,,,
三全麦香早点奶香馒头1.36kg,,,,,,,,,,,,,,,,,,,,,,,,
三江购物大豆油5L,藕（三级）,黑茄（三级）,红富士80#(三级),,,,,,,,,,,,,,,,,,,,,
三全麦香早点奶香馒头1.36kg,湾仔码头北国香酱香肉三鲜水饺702g,,,,,,,,,,,,,,,,,,,,,,,
裙带菜,三全麦香早点奶香馒头1.36kg,,,,,,,,,,,,,,,,,,,,,,,
湾仔码头北国香白菜木耳猪肉水饺70,,,,,,,,,,,,,,,,,,,,,,,,
鲜鸡蛋,国产香蕉（一级）,,,,,,,,,,,,,,,,,,,,,,,
老干妈肉丝豆豉油辣椒280克,神霖孝感米酒880g,,,,,,,,,,,,,,,,,,,,,,,
木瓜（一级）,光明纯鲜牛奶500ml,良厨御点猪肉馄饨480g,富华林原果桂圆肉220g,塑料购物袋(大),,,,,,,,,,,,,,,,,,,,
一级藤稔葡萄,半片鸭,塑料购物袋(大),光明纯牛奶利乐枕243ml,光明e+益生菌酸牛奶原味190g,小葱（一级）,双汇精制香辣香脆肠50g,,,,,,,,,,,,,,,,,,
白砂糖(散),,,,,,,,,,,,,,,,,,,,,,,,
MTA（2+1）妙洁神奇抹布,"红牡丹5""""""""面碗""""","红牡丹2""""""""针匙""""","红牡丹8""""""""斗碗""""","红牡丹7""""""""深盘""""",豪丰欧式盆754(24cm),味老大炭化无漆竹筷WCB-9142(10双,六神花露水大号195ml,味家木铲Z02,慧吉洗洁精400g,花蛤,散装东北长粒香米(三江购物),乐惠排骨紫菜汤72克,太太乐蔬之鲜调味料250g,尖椒（一级）,鸿兴源朝天椒20克,金龙鱼第二代调和油1.8L,北高峰糯米黄酒（袋）400ml,海天草菇老抽酱油500ml,双汇王中王优级火腿肠130克,,,,,
河鲫鱼,,,,,,,,,,,,,,,,,,,,,,,,
相宜本草男士洁面乳120g,舒肤佳柠檬香皂125克,,,,,,,,,,,,,,,,,,,,,,,
太子乐中老年奶粉400g(16*25g),奥妙净蓝全效无磷洗衣粉1800g,康师傅冰红茶500ml,"希尔4.5""""""""波边碗612145""""",八宝粥料(散),塑料购物袋(大),,,,,,,,,,,,,,,,,,,
加多宝凉茶310亳升,雪花啤酒清爽8度330ml*6罐,,,,,,,,,,,,,,,,,,,,,,,
大热带酒酿360克,吉列威锋旋转双层刀架及刮胡泡超值,娃哈哈桂圆莲子营养八宝粥360克,银鹭桂圆八宝粥360g,拥有孝感米酒(饮料型)280g,五丰糯滋滋麻芯小汤团400g,花生米(一级),,,,,,,,,,,,,,,,,,
海天特级味极鲜酱油500ml,维纳斯牛头牌高效去油洗洁精2kg,,,,,,,,,,,,,,,,,,,,,,,
美的极速王豪华电热水壶12S03E1(1.,陆员外全塑鸭嘴热水瓶J553PPA2L,,,,,,,,,,,,,,,,,,,,,,,
红瓦房精品浴帘YC-0237(180*180cm),,,,,,,,,,,,,,,,,,,,,,,,
太子乐DHA+AA乳清蛋白营养米粉560g,太子乐DHA+AA胡萝卜营养米粉560g,塑料购物袋(大),,,,,,,,,,,,,,,,,,,,,,
护舒宝瞬洁贴身量多日用/夜用卫生,超能柠檬草洗衣皂260g,塑料购物袋(大),,,,,,,,,,,,,,,,,,,,,,
原野物语鸡蛋味蛋圆饼干200克,阿里山香瓜子奶香味248g,奥利奥香草巧克力味夹心饼干106克,康师傅蛋黄也酥酥80克,康师傅3+2苏打夹心饼干香草巧克力,众望小麻花低糖芝麻甜味200克,塑料购物袋(大),,,,,,,,,,,,,,,,,,
红鸟液体鞋油黑色75ml,"东海棉毛平角裤115""""""""""""",,,,,,,,,,,,,,,,,,,,,,,
伊利高钙奶250ML,卡夫三层高钙梳打饼干香葱蔬菜味10,太平香葱梳打饼干100克,太平奶盐梳打饼干100克,塑料购物袋(大),,,,,,,,,,,,,,,,,,,,
洁成PE保鲜膜20cm*15m,三江购物简装保鲜膜(40123)30cm*30,,,,,,,,,,,,,,,,,,,,,,,
新疆核桃（一级）,,,,,,,,,,,,,,,,,,,,,,,,
绿豆,,,,,,,,,,,,,,,,,,,,,,,,
绿豆,,,,,,,,,,,,,,,,,,,,,,,,
光明莫斯利安酸牛奶钻石原味190g*1,,,,,,,,,,,,,,,,,,,,,,,,
可口可乐汽水500ml,雪碧清爽柠檬味汽水500ml,美汁源爽粒红葡萄水果饮料420ml,,,,,,,,,,,,,,,,,,,,,,
吉列超滑旋转刀架及剃须泡50g,大好大纸包瓜子138克,大好大奶油香瓜子纸袋350克,,,,,,,,,,,,,,,,,,,,,,
伊利巧乐兹经典巧脆棒雪糕80g,,,,,,,,,,,,,,,,,,,,,,,,
五丰鲜肉包420g,康师傅红烧牛肉面大食袋124克*5包,康师傅香菇炖鸡袋面98克,光明纯鲜牛奶1.5L,康师傅香辣牛肉袋面127克,双汇王中王优级火腿肠400g(10支装),塑料购物袋(大),乐惠幼嫩紫菜60g,云楼小菜(榨菜)180g,欣荣行笋丝雪菜300g(30克*10包),云楼姜笋200g,维达抽取式面巾纸V2212(140抽*8包),洁柔布艺软抽200抽*3,清风抽取式面纸B352RC(100抽*5),ABC丝薄棉柔卫生护垫22片,洁云提取式面巾纸200抽*3,清风原木纯品抽取式面纸(BR38MC)20,南阳之星双层抽取式面巾纸200抽*8,,,,,,,
福有菜籽油5L,鸭爪,肉龙眼（一级）,塑料购物袋(大),外塘甲鱼,茼蒿（一级）,小白菜（一级）,小白菜（一级）,利群(老版),,,,,,,,,,,,,,,,
安尔乐纯棉卫生护垫无香20片(LDBM6,,,,,,,,,,,,,,,,,,,,,,,,
小白菜（一级）,小白菜（一级）,雕牌洗洁精2kg,益达无糖口香糖热带水果味12片32克,真想您二条男红满福全棉平脚裤JF59,,,,,,,,,,,,,,,,,,,,
雷宇羊角锤LY08016(08磅),,,,,,,,,,,,,,,,,,,,,,,,
榄菊杀虫气雾剂(清香柠檬)600ml,,,,,,,,,,,,,,,,,,,,,,,,
广博拍纸薄GB100205100K,,,,,,,,,,,,,,,,,,,,,,,,
光明e+益生菌酸牛奶原味190g,光明酸牛奶(红枣味)180g,,,,,,,,,,,,,,,,,,,,,,,
康师傅妙芙蛋糕奶油味96克,倍思特儿童肉松80克,康师傅妙芙法式蛋糕牛奶红豆味100,三辉麦风优之晨早餐包60克*6组合装,塑料购物袋(大),,,,,,,,,,,,,,,,,,,,
鸡爪,,,,,,,,,,,,,,,,,,,,,,,,
维纳斯牛头牌高效去油洗洁精2kg,雪碧汽水2.3L,,,,,,,,,,,,,,,,,,,,,,,
养乐多活性乳酸菌乳饮品100ml*5支,,,,,,,,,,,,,,,,,,,,,,,,
好丽友好友趣多汁牛排味切片型马铃,东洋包氏酱卤味鸡腿85g,,,,,,,,,,,,,,,,,,,,,,,
母亲佐餐牛肉酱香浓咖喱220克,海天海鲜酱250克,老干妈油辣椒275克,塑料购物袋(大),,,,,,,,,,,,,,,,,,,,,
鲜鸡蛋,青蛙特爽柔丝牙刷632,引发雪菜150克,am8:00普通浴花SX-1212YHI,,,,,,,,,,,,,,,,,,,,,
布兰迪3支装圆珠笔0.5mmBP.2102,广博卡面办公软抄大32K80型GBR0662,,,,,,,,,,,,,,,,,,,,,,,
华味亨珍珠梅180克,乐事无限黑椒牛扒味薯片104克,美汁源果粒奶优饮料清新草莓味450m,塑料购物袋(大),美汁源果粒奶优饮料清香菠萝味450m,光明芦荟酸奶125g*6,,,,,,,,,,,,,,,,,,,
光明酸牛奶饮品利乐枕(原味)243ml,乐事清新清爽黄瓜味薯片45g,一级国产黑布林,红富士80#（一级）,乌江涪陵榨菜鲜爽菜丝80克,圣茗香鹌鹑蛋45克,美汁源果粒橙橙汁饮料420ml,,,,,,,,,,,,,,,,,,
洋葱头（一级）,咸亨辣味腐乳300克,绿豆,白砂糖(散),,,,,,,,,,,,,,,,,,,,,
百事可乐2.5L,,,,,,,,,,,,,,,,,,,,,,,,
雪碧汽水2.3L,奥妙超效洗衣皂含芦荟精华206克*2,,,,,,,,,,,,,,,,,,,,,,,
永亮提绣花割绒毛巾0325(78*35cm),,,,,,,,,,,,,,,,,,,,,,,,
睡的香蚊香(大盘无烟檀香)700g40单,,,,,,,,,,,,,,,,,,,,,,,,
可口可乐汽水330ml,百事可乐1.25L+果缤纷混合果汁1.25,雪碧清爽柠檬味汽水330ml,康师傅红烧牛肉面大食袋124克*5包,恒顺山西老陈醋420ml,三江购物白砂糖500g,雕牌天然皂粉（家庭装）628g,奥妙99全自动洁彩无磷洗衣粉1.7千,雕牌洗洁精500克,威猛厨房重油污净双包装500克,上海芦荟皂95g,舒肤佳金银花菊花沐浴露200ml,三江购物洗手液500g,华林透明纸巾筒700,维达抽取式面巾纸100抽*3(V2165-1),清风145克三层卷筒纸B22AP4N(10卷),妙洁抽取式保鲜袋中号30*20cm,三江购物保鲜膜促销装40107(30cm*5,世家刷洗球21071(1只装),海客瑞斯厨宝四季飘香油壶H0169(43,楼龙博士杯450ml(LL1BS45),三江购物8头椭圆晒架30578,惠惠形象玩偶7816,飞科FH6201折叠式电吹风1200W,康师傅冰红茶柠檬口味茶饮品2L
三江购物大豆油5L,,,,,,,,,,,,,,,,,,,,,,,,
鲜鸡蛋,蒜头（一级）,,,,,,,,,,,,,,,,,,,,,,,
妮维雅防晒隔离润肤露SPF30PA++75m,花蛤,,,,,,,,,,,,,,,,,,,,,,,
火龙果（一级）,维纳斯多效金银花花露水195ml,,,,,,,,,,,,,,,,,,,,,,,
塑料购物袋(大),,,,,,,,,,,,,,,,,,,,,,,,
可口可乐汽水2.3L,雪碧汽水2.3L,味之园芦荟苹果汁饮品500ml,激浪柠檬味可乐型汽水500ml,蒙牛益生菌酸牛奶(原味)1.2kg,味之园芦荟汁饮品500ml,光明酸牛奶(红枣味)950g,,,,,,,,,,,,,,,,,,
芬达橙味汽水500ml,蒙牛真果粒牛奶饮品(草莓果粒)250m,蒙牛内蒙古老酸奶(原味)140g,,,,,,,,,,,,,,,,,,,,,,
舒肤佳纯白清香型香皂125克,滨崎碗仔糖果蓝莓香橙草莓味21g(7g,,,,,,,,,,,,,,,,,,,,,,,
爱得利A29高耐热玻璃奶瓶240ml,六神花露水95ml,,,,,,,,,,,,,,,,,,,,,,,
宝牌龙口粉丝200g,亨氏番茄酱320g,甘汁园姜汁红糖350g,今麦郎手打拉面200克,今麦郎手打鸡蛋面200克,,,,,,,,,,,,,,,,,,,,
闽洋海蛰丝(海鲜味)150g,闽洋海蛰丝(香辣味)150g,一级哈密瓜,野生鲶鱼,,,,,,,,,,,,,,,,,,,,,
鲜鸡蛋,半片鸭,鲜鸡蛋,,,,,,,,,,,,,,,,,,,,,,
海天红烧王酱油350ml,三江购物大豆油5L,鲜鸡蛋,,,,,,,,,,,,,,,,,,,,,,
塑料购物袋(大),,,,,,,,,,,,,,,,,,,,,,,,
L`Umo`男V领短袖针织衫483,L金郎格男休闲中裤002#,佳丽空气清新喷雾(桂花飘香)320ml,康师傅矿物质水550ml,三江购物大豆油5L,佳丽空气清新喷雾(桂花飘香)320ml,,,,,,,,,,,,,,,,,,,
一级藤稔葡萄,,,,,,,,,,,,,,,,,,,,,,,,
百事奇多美式火鸡味粟米棒60克,妙脆角玉米角美式茄汁味14g,,,,,,,,,,,,,,,,,,,,,,,
唯尔福干爽丝薄护翼卫生巾2632,,,,,,,,,,,,,,,,,,,,,,,,
雕牌生姜洗洁精1.5千克,娃哈哈爽歪歪益生菌酸奶饮品200ml*,蒙牛未来星智慧牛奶原味125ml*4,拥有孝感米酒400g,,,,,,,,,,,,,,,,,,,,,
维纳斯牛头牌高效去油洗洁精2kg,佳洁士防蛀修护牙膏(清莲薄荷)140g,佳洁士盐白牙膏(洁白+清新)200克,,,,,,,,,,,,,,,,,,,,,,
卡夫王子曲奇星饼干香浓巧克力味85,旺旺碎冰冰果味饮料乳酸味78ml,旺旺碎冰冰果味饮料菠萝味78ml,旺旺碎冰冰果味饮料草莓味78ml,旺旺碎冰冰果味饮料柑桔味78ml,旺旺碎冰冰果味饮料桃子味78ml,旺旺碎冰冰综合水果味饮料78ml,南瓜（一级）,旺旺碎冰冰果味饮料草莓味78ml,旺旺碎冰冰果味饮料柑桔味78ml,旺旺碎冰冰综合水果味饮料78ml,旺旺碎冰冰果味饮料菠萝味78ml,,,,,,,,,,,,,
小米(散),高粱米(散),,,,,,,,,,,,,,,,,,,,,,,
包大人成人加长型纸尿片10片,白猫高级百洁布买三片送一片020301,,,,,,,,,,,,,,,,,,,,,,,
白木耳(一级),,,,,,,,,,,,,,,,,,,,,,,,
塑料购物袋(大),,,,,,,,,,,,,,,,,,,,,,,,
双艺PEVA浴帘(180*180cm)SY.80520,宝中宝蛇胆清凉花露水195ml,神仙居衣帽架(A-93),天利EVA地垫A(60*60cm)4片装,,,,,,,,,,,,,,,,,,,,,
威猛先生洁厕液双包装（柠檬草香）,,,,,,,,,,,,,,,,,,,,,,,,
统一100精炖番茄牛肉面100克,统一100老坛酸菜牛肉味面118克,养乐多活性乳酸菌乳饮品100ml*5支,,,,,,,,,,,,,,,,,,,,,,
依尔布面小折凳(B26-1),,,,,,,,,,,,,,,,,,,,,,,,
五丰上口爱巧克力/香草甜筒70g*6,巨能葱香排骨挂面255g,太平香葱梳打饼干100克,卡夫三层高钙梳打饼干香葱蔬菜味10,巨能香菇鸡味挂面255g,坛坛香精致剁辣椒425克,宏继小酥饼咸味500克,喜之郎什锦果肉果冻200克,喜之郎葡萄&苹果果肉果冻200克,喜之郎黄桃＆蜜桃果肉果冻200克,,,,,,,,,,,,,,,
丘比沙拉酱香甜味200克,,,,,,,,,,,,,,,,,,,,,,,,
青岛啤酒纯生8度罐装330ml,,,,,,,,,,,,,,,,,,,,,,,,
小白菜（一级）,兰州包心菜（一级）,小葱（一级）,塑料购物袋(大),,,,,,,,,,,,,,,,,,,,,
奥丽颜郁金香水感丝滑沐浴露1L,奥妙超效洗衣皂含芦荟精华206克*2,舒肤佳纯白清香型香皂125克,农夫山泉饮用天然水1.5L,,,,,,,,,,,,,,,,,,,,,
三全麦香早点奶香馒头1.36kg,半片鸭,半片鸭,今麦郎手打拉面200克,今麦郎手打鸡蛋面200克,,,,,,,,,,,,,,,,,,,,
恒顺镇江香醋500ml,统一ALKAQUA饮用天然矿泉水360ml,塑料购物袋(大),舜吉鲜汁三黄鸡400g,可佳荣达海苔凤凰卷144克,淘大芝麻油250ml,椰乡春光椰香脆饼105克,苏菲超薄随心翻超熟睡410夜用卫生,妈妈乐妇婴两用垫10片,心相印茶语抽取式面巾纸150抽*3(DT,云楼龙眼萝卜头200g,,,,,,,,,,,,,,
花蛤,,,,,,,,,,,,,,,,,,,,,,,,
双塔龙口绿豆粉丝200g,食上川府豆干散装,佳宝九制陈皮45克,佳宝九制工坊九制酱芒果65克,芬达橙汁汽水2.3L,安琪马来西亚风味杏仁酥30克,安琪马来西亚风味松籽酥30克,安琪马来西亚风味花生酥30克,尚麦葵仁小酥238g,帮宝适超薄干爽系列中包装初生型40,安琪马来西亚风味腰果酥30克,圣茗香鹌鹑蛋45克,喜多多什锦椰果567克,,,,,,,,,,,,
飘柔滋润去屑润发精华素750毫升,麦香堡夹心豆沙面包40克,护舒宝超值干爽贴身日用卫生巾20片,皎洁全效细丝软毛牙刷特惠装,护舒宝瞬洁贴身量多日用/夜用卫生,,,,,,,,,,,,,,,,,,,,
亲友阿胶枣228g,果然多CC卷玉露蜜桃味19克,果然多CC卷清新苹果卷19克,果然多CC卷甜蜜瓜19克,启航餐具QH-1378,塑料购物袋(大),,,,,,,,,,,,,,,,,,,
三江购物营养蛋面500g,可扬亚达汤料(海鲜味)48g,清凉粥料(散),塑料购物袋(大),光明酸奶980g,光明e+益生菌酸牛奶原味190g,伊利纯牛奶1L,顶汁味菊花冰糖400g,凯旋溜溜话梅40克,忆江南黄山贡菊25克,顶味面の伴侣香辣牛肉酱120克,日盈无蔗糖减盐苏打饼干鲜葱味180g,思朗纤麸无添糖消化饼干168克,唯新猪肉酥130克,,,,,,,,,,,
半片鸭,,,,,,,,,,,,,,,,,,,,,,,,
白砂糖(散),三江购物大豆油1.8L,翰丰丝苗米(籼米),,,,,,,,,,,,,,,,,,,,,,
康师傅矿物质水550ml,,,,,,,,,,,,,,,,,,,,,,,,
雪碧汽水2.3L,芬达橙汁汽水2.3L,,,,,,,,,,,,,,,,,,,,,,,
络华弹力棉男童平脚裤2条7399(9-11,蓝怡雪女内裤2367(L),乐事法国脆香鸡翅味薯片45g,乐事得克萨斯烧烤味薯片45g,百事可乐2L+美年达橙味汽水2L搭扣,,,,,,,,,,,,,,,,,,,,
绿豆,福海堂山楂(散),乡下妹学生去皮榨菜丝82g,,,,,,,,,,,,,,,,,,,,,,
康师傅矿物质水550ml,,,,,,,,,,,,,,,,,,,,,,,,
三和麻油红方腐乳500克,,,,,,,,,,,,,,,,,,,,,,,,
单晶冰糖(散),康师傅矿物质水550ml,兰州包心菜（一级）,兰州包心菜（一级）,金海鸥电动钓鱼00198,琪悦男童帽M-150,绿盛儿童营养牛肉松12克,绿盛儿童营养牛肉酥12克,森和园雪丽糍巧克力味棉花糖100克,冷酸灵清凉薄荷防菌抗敏牙膏110g,,,,,,,,,,,,,,,
康师傅3+2苏打夹心饼干蓝莓味125克,,,,,,,,,,,,,,,,,,,,,,,,
可口可乐汽水2.3L,,,,,,,,,,,,,,,,,,,,,,,,
百合（一级）,单晶冰糖(散),,,,,,,,,,,,,,,,,,,,,,,
黄芩修护牙膏（黄瓜香型）180克,,,,,,,,,,,,,,,,,,,,,,,,
云楼榨菜笋丝200g,云楼八宝菜200g,云楼甜酸荞头200g,云楼美味大头菜200g,塑料购物袋(大),,,,,,,,,,,,,,,,,,,,
大葱（一级）,中汇东北大米15kg,,,,,,,,,,,,,,,,,,,,,,,
立白生姜洗洁精2千克,立白生姜洗洁精1.5千克,,,,,,,,,,,,,,,,,,,,,,,
雀巢1+2咖啡盒装13g*42,美汁源果粒橙橙汁饮料420ml,,,,,,,,,,,,,,,,,,,,,,,
莲子(一级),八宝粥料(散),绿豆,,,,,,,,,,,,,,,,,,,,,,
L麦奇哈男运动短裤202,蓝怡雪男内裤9092(XL),L卡8度男圆领短袖针织衫1236,,,,,,,,,,,,,,,,,,,,,,
康师傅冰红茶柠檬口味茶饮品2L,益民料酒350ml,海带结,日本南瓜（一级）,,,,,,,,,,,,,,,,,,,,,
白砂糖(散),,,,,,,,,,,,,,,,,,,,,,,,
雪碧清爽柠檬味汽水500ml,,,,,,,,,,,,,,,,,,,,,,,,
强生婴儿洗发沐浴露300ml,,,,,,,,,,,,,,,,,,,,,,,,
散装苏微快乐锅巴日式牛排味,,,,,,,,,,,,,,,,,,,,,,,,
小葱（一级）,,,,,,,,,,,,,,,,,,,,,,,,
三全麦香早点奶香馒头1.36kg,小红豆,七喜冰爽柠檬味汽水330ml*6,塑料购物袋(大),,,,,,,,,,,,,,,,,,,,,
芬达橙汁汽水2.3L,好丽友好多鱼烧烤味33克,金必氏愉快动物饼紫菜味饼干50克,塑料购物袋(大),好丽友好多鱼鲜香海苔味33克,明治欣欣杯朱古力+香蕉50克,明治欣欣杯草莓酸奶味饼干条50克,明治欣欣杯草莓味50克,明治欣欣杯朱古力味50克,,,,,,,,,,,,,,,,
蒙牛纯牛奶250ML,蒙牛早餐奶（核桃）250ml,百事可乐2L+七喜2L搭扣装,统一鲜橙多2L+冰红茶柠檬味2L搭扣,乐美汇食品级茶杯(S-TC14)735ml,塑料购物袋(大),,,,,,,,,,,,,,,,,,,
中号充气卡通玩具8691,,,,,,,,,,,,,,,,,,,,,,,,
太子乐铁锌钙奶粉900g,,,,,,,,,,,,,,,,,,,,,,,,
康师傅矿物质水550ml,,,,,,,,,,,,,,,,,,,,,,,,
冬瓜（一级）,兰州包心菜（一级）,带鱼200-300,对虾,,,,,,,,,,,,,,,,,,,,,
芬达橙味汽水500ml,好丽友好多鱼鲜香海苔味33克,康师傅橙汁饮品450ml,上好佳烤肉味田园薯片50克,乐事清新清爽黄瓜味薯片45g,塑料购物袋(大),,,,,,,,,,,,,,,,,,,
索芙特汉方玫瑰香薰香浴露1kg,绿箭粒装口香糖64克,唯新特级肉松135克,弘生新华手提小号拉圾桶XH-560,,,,,,,,,,,,,,,,,,,,,
塑料购物袋(大),,,,,,,,,,,,,,,,,,,,,,,,
光明酸奶1.5kg,,,,,,,,,,,,,,,,,,,,,,,,
引发美味雪菜500克,五丰刀切馒头450g,,,,,,,,,,,,,,,,,,,,,,,
如意水磨精制年糕300g,,,,,,,,,,,,,,,,,,,,,,,,
香软粳米(散装),,,,,,,,,,,,,,,,,,,,,,,,
鸭边腿,,,,,,,,,,,,,,,,,,,,,,,,
白砂糖(散),安安青瓜增白洗面奶200克,佳倍玉兰面375克*2,,,,,,,,,,,,,,,,,,,,,,
乐惠排骨紫菜汤72克,加碘精制盐400克,雕牌超效洗洁精1.5千克,冷酸灵儿童防蛀牙膏50g,,,,,,,,,,,,,,,,,,,,,
带鱼200-300,,,,,,,,,,,,,,,,,,,,,,,,
三全麦香早点奶香馒头1.36kg,,,,,,,,,,,,,,,,,,,,,,,,
康师傅雪菜大汤黄鱼面101克*5包,康师傅红烧牛肉面大食袋124克*5包,康师傅番茄笋干排骨面104克*5包,康师傅酸菜牛肉桶面122克,三全麦香早点奶香馒头1.36kg,塑料购物袋(大),,,,,,,,,,,,,,,,,,,
奥妙超效洗衣皂含芦荟精华206克*2,舒肤佳纯白清香型香皂115g*3,,,,,,,,,,,,,,,,,,,,,,,
小白菜（一级）,湾仔码头荠菜猪肉水饺800g,带豆（一级）,良厨御点手工猪肉芹菜水饺700g,,,,,,,,,,,,,,,,,,,,,
红富士80#（一级）,,,,,,,,,,,,,,,,,,,,,,,,
榄菊蚊香大盘装（高级型）310g,逸婷舒爽顺滑去屑洗发露400g,三江购物有芯三层平纹卷纸10卷装,,,,,,,,,,,,,,,,,,,,,,
塑料购物袋(大),,,,,,,,,,,,,,,,,,,,,,,,
蒙牛酸酸乳蓝莓味乳饮料250ml,,,,,,,,,,,,,,,,,,,,,,,,
潘婷乳液修复洗发露400ml,金龙鱼第二代调和油5L,,,,,,,,,,,,,,,,,,,,,,,
海蜇丝,,,,,,,,,,,,,,,,,,,,,,,,
光明酸奶原味经济装100g*8,塑料购物袋(大),,,,,,,,,,,,,,,,,,,,,,,
维纳斯牛头牌高效去油洗洁精2kg,彩虹原果味果汁糖45克,,,,,,,,,,,,,,,,,,,,,,,
伊利冰工厂冰片蜜桃棒冰80g,,,,,,,,,,,,,,,,,,,,,,,,
亲友红糖450g,赤豆,,,,,,,,,,,,,,,,,,,,,,,
逸婷舒爽顺滑去屑洗发露400g,六神冰凉超爽沐浴露450ml,六神喷雾花露水80ml,可口可乐汽水500ml,酷儿橙汁饮料450ml,,,,,,,,,,,,,,,,,,,,
干海带,,,,,,,,,,,,,,,,,,,,,,,,
红富士80#（一级）,,,,,,,,,,,,,,,,,,,,,,,,
雕牌超效洗洁精1.5千克,美则胜研磨丝细牙刷204型4支装,应源搪瓷防锈铁锅1008-32cm,,,,,,,,,,,,,,,,,,,,,,
兰州包心菜（一级）,单晶冰糖(散),冷酸灵井盐爽白双重抗过敏牙膏110g,,,,,,,,,,,,,,,,,,,,,,
光明莫斯利安酸牛奶钻石原味190g*1,鸭爪,金标金华腊肉240g,红味斋香蒜汁200ml,塑料购物袋(大),,,,,,,,,,,,,,,,,,,,
酷儿橙汁饮料1.5L两联装,康师傅甜酥鲜果蓝莓夹心饼干80克,花蛤,塑料购物袋(大),乐事清新清爽黄瓜味薯片45g,海天黄豆酱800g,,,,,,,,,,,,,,,,,,,
旺旺仙贝105克,塑料购物袋(大),乐事意大利香浓红烩味薯片45g,阿里山生炒王原味香瓜子120g,大好大水煮花生香辣牛肉味150克,金丝猴馋嘴猴上汤鸡汁味豆干30g,圣茗香鹌鹑蛋45克,,,,,,,,,,,,,,,,,,
可口可乐汽水2.3L,雪碧汽水2.3L,榄菊蚊香大盘装（高级型）310g,蓝怡雪小平脚男裤9101(L),莲虹男士平脚短裤553(XXL),蓝怡雪无托竹炭纤维文胸31761(40),动心一族迷尔山楂160克,,,,,,,,,,,,,,,,,,
盼盼番茄味薯片(家庭装)138克,,,,,,,,,,,,,,,,,,,,,,,,
佳倍波纹面600克(黄),生姜（一级）,塑料购物袋(大),鸭边腿,宫川儿童全鲜鸡蛋蝴蝶面150g,三江购物精制拉面350g*2,"东海男汗布三角裤110""""""""""""",大好大奶油瓜子袋装80克,奥妙净蓝全效无磷洗衣粉500克,,,,,,,,,,,,,,,,
恒顺镇江香醋500ml,加碘精制盐400克,小葱（一级）,国产香蕉（一级）,,,,,,,,,,,,,,,,,,,,,
清风抽取式面纸经济装200抽*2层*3,妈咪宝贝XL超薄瞬吸男婴纸尿裤36片,太太乐99度晶体味精1kg,乌江三榨微辣榨菜80克,佳倍波纹面600克(黄),力士白皙焕采靓肤沐浴乳1L,丰之味梅菜笋丝(清香味)80克,心相印优选通用清洁湿巾独立装10片,高露洁360健康健洁薄荷牙膏200克,仙客来金针菇80克,爱得利初生宝宝专用奶嘴B20,益民料酒350ml,维达手部卫生湿巾VW1009(10片),乌江涪陵原味榨菜片80g,塑料购物袋(大),山黄鸡蛋,,,,,,,,,
海天黄豆酱800g,太太乐99度晶体味精1kg,云楼肖山萝卜200g,云楼精什锦200g,,,,,,,,,,,,,,,,,,,,,
咸亨辣味腐乳300克,小红豆,绿豆,红皮花生米（一级）,,,,,,,,,,,,,,,,,,,,,
白砂糖(散),五丰刀切馒头450g,,,,,,,,,,,,,,,,,,,,,,,
L卡里卡女中裤089,,,,,,,,,,,,,,,,,,,,,,,,
白砂糖(散),白砂糖(散),可口可乐汽水500ml,,,,,,,,,,,,,,,,,,,,,,
小青英杰男士磨砂洁面膏120g,箭牌绿箭分享包薄荷口香糖45克,阿迪达斯男士控油平衡霜50ml,,,,,,,,,,,,,,,,,,,,,,
汰渍全效炫白360°洁雅百合无磷洗,舒肤佳纯白清香型香皂125克,飘柔人参滋养洗发露750ml,维纳斯多效金银花花露水195ml,塑料购物袋(大),,,,,,,,,,,,,,,,,,,,
蒙牛真果粒牛奶饮品(草莓果粒)250m,,,,,,,,,,,,,,,,,,,,,,,,
娃哈哈营养快线牛奶果昔饮品菠萝味,1315唯尔福婴儿尿片小号22片,,,,,,,,,,,,,,,,,,,,,,,
绿都公子夹脚男凉拖鞋8956(41#),塑料购物袋(大),雅耐尔牛皮中跟女凉拖鞋2162(39#),,,,,,,,,,,,,,,,,,,,,,
韭菜（一级）,半片鸭,,,,,,,,,,,,,,,,,,,,,,,
三全麦香早点奶香馒头1.36kg,鲜鸡蛋,,,,,,,,,,,,,,,,,,,,,,,
三全麦香早点奶香馒头1.36kg,,,,,,,,,,,,,,,,,,,,,,,,
今麦郎手打拉面200克,,,,,,,,,,,,,,,,,,,,,,,,
双汇午餐火腿500g,鲜鸡蛋,,,,,,,,,,,,,,,,,,,,,,,
三江购物大豆油5L,,,,,,,,,,,,,,,,,,,,,,,,
可口可乐汽水2.3L,,,,,,,,,,,,,,,,,,,,,,,,
鸡小腿(单冻),鲜鸡蛋,,,,,,,,,,,,,,,,,,,,,,,
白木耳(一级),,,,,,,,,,,,,,,,,,,,,,,,
香软粳米(散装),小青逸婷丝质柔滑去屑洗发露1kg,白砂糖(散),生姜（一级）,绿豆,金龙鱼第二代调和油5L,,,,,,,,,,,,,,,,,,,
小王子香雪饼84克,传味奶油威化饼400克,舜吉鸭脖子100克,鲜一族鹌鹑蛋五香味100克,味聚特烧烤藕片80克,老李五香蛋45克,圣茗香原味鹌鹑蛋22g,乡巴佬红喜蛋35g,塑料购物袋(大),,,,,,,,,,,,,,,,
市升多油咸鸭蛋42g,香软粳米(散装),,,,,,,,,,,,,,,,,,,,,,,
康师傅香辣牛肉面102克*5包,兰州包心菜（一级）,,,,,,,,,,,,,,,,,,,,,,,
欧诗漫速染王15克*2,,,,,,,,,,,,,,,,,,,,,,,,
云楼榨菜条158g,云楼学生榨菜丝168g,康师傅香辣牛肉面102克*5包,,,,,,,,,,,,,,,,,,,,,,
蓝月亮Q厕宝50g*4,乐事乐开脆番茄味膨化食品48g,好丽友呀!土豆薯条(番茄酱味)40克,乐事乐开脆海苔味膨化食品48g,MTA（2+1）妙洁神奇抹布,百事可乐可乐型汽水六罐装330ml*6,忆江南八宝茶120g,东洋之花护手霜1+1(90克),,,,,,,,,,,,,,,,,
良厨小圆子250g,味千猪骨汤拉面305g,良厨御点手工猪肉芹菜水饺700g,双汇甜玉米香肠250g,三全面点坊香菇素菜包360g,五丰奶黄包510g,白砂糖(散),,,,,,,,,,,,,,,,,,
小狮王儿童牙膏(草莓)40克,绿盛儿童营养牛肉松12克,卡夫奥利奥巧克棒奶白巧克力味64克,日盈素食红枣韧性饼干250g,黑人茶倍健龙井绿茶牙膏140g*2支送,香哆哆蒜香青豆88克,,,,,,,,,,,,,,,,,,,
雷达蚊香(檀香香型)9克*20盘,塑料购物袋(大),可口可乐汽水2.3L,石源麦饭石矿泉水330ML,清风原木纯品抽取式面纸(BR38MC)20,,,,,,,,,,,,,,,,,,,,
三江购物大豆油5L,光明牌酸奶490g,卡夫TUC闲趣清咸自然原味韧性饼干1,,,,,,,,,,,,,,,,,,,,,,
东方天鹰32S精漂男背心98060A(105),,,,,,,,,,,,,,,,,,,,,,,,
美汁源果粒奶优饮料清新草莓味450m,井尚美洁身妙浴祛死皮焕肤沐浴露32,塑料购物袋(大),维纳斯玫瑰香薰嫩肤沐浴露1L,枪手杀蟑气雾剂（无味）600ml,百事可乐2.5L,,,,,,,,,,,,,,,,,,,
康师傅大食袋红烧牛肉面124克,亲友阿胶枣228g,良厨宁波水磨汤圆(黑芝麻馅)500g,,,,,,,,,,,,,,,,,,,,,,
红富士80#（一级）,娇爽无感体验超薄透气无香卫生护垫,安尔乐干爽迷你卫生巾10片(LJC9310,,,,,,,,,,,,,,,,,,,,,,
一级丰水梨,塑料购物袋(大),蒙牛酸酸乳(AD钙)乳饮料250ml,蒙牛高钙低脂牛奶250ml,伊利高钙低脂奶250ML,舒肤佳纯白清香型香皂125克,香约果味奶茶哈密瓜味72克,友益佳阿胶枣252g,三珍斋泡鸡爪115克,立白椰油精华清新茉莉增白皂226克,强生美肌天生嫩白沐浴乳200克,,,,,,,,,,,,,,
散装东北长粒香米(三江购物),丝柔大自然清爽湿巾1*9片,安尔乐少女私护柔湿巾10片(LSS001),强生婴儿护肤柔湿巾轻便装10片,豪丰欧式盆758(36cm),,,,,,,,,,,,,,,,,,,,
帮宝适超薄干爽系列中包装初生型40,,,,,,,,,,,,,,,,,,,,,,,,
小白菜（一级）,兰州包心菜（一级）,黑茄（一级）,鲜鸡蛋,双塔龙口绿豆粉丝200g,,,,,,,,,,,,,,,,,,,,
麦香堡夹心豆沙面包40克,香哆哆香辣花生烤鸡味100克,香哆哆香辣花生原味100克,塑料购物袋(大),绿盛百卤坊五香凤爪30g,绿盛百卤坊泡椒凤爪30g,旺旺小小酥鸡肉味30克,统一卤肉拌面卤香牛肉味110克,统一老坛酸菜牛肉风味酱拌面122克,市升多油咸鸭蛋42g,,,,,,,,,,,,,,,
公牛连接线GN-J4（2米）,,,,,,,,,,,,,,,,,,,,,,,,
三全面点坊小刺猬豆沙包375g,,,,,,,,,,,,,,,,,,,,,,,,
富泰2B考试专用橡皮(2入)ER-FT136D,伊利QQ星儿童成长牛奶均衡型190ml,散装东北大米(三江购物),,,,,,,,,,,,,,,,,,,,,,
荷兰青瓜（一级）,古越龙山陈年烧酒42度2.5L,,,,,,,,,,,,,,,,,,,,,,,
奥妙全自动高浓度洗衣液3千克,川南爽口下饭菜330克,塑料购物袋(大),益民料酒350ml,双汇香辣烤肠210g,伊康美宝妇炎洁植物本草洗液380ml,,,,,,,,,,,,,,,,,,,
老州山生虾皮,蒙牛特仑苏有机奶250ml*12,,,,,,,,,,,,,,,,,,,,,,,
上好佳草莓味粟米条40g,老李五香干70克,婆婆嘴石磨豆干泡椒风味90克,湘里美味五香味豆干80克,维纳斯牛头牌高效去油洗洁精2kg,,,,,,,,,,,,,,,,,,,,
乐美汇食品级低圆保鲜盒(S-R02)680,,,,,,,,,,,,,,,,,,,,,,,,
双汇王中王优级鸡肉肠袋装252g,康师傅酸菜牛肉面随心杯56克,备得福余姚榨菜(组合装)180克,日清开杯乐麻辣牛肉面83g,,,,,,,,,,,,,,,,,,,,,
光明酸牛奶(红枣味)480g,康师傅酸菜牛肉面随心杯56克,双汇润口香甜王玉米风味香肠350克,司丹尔蛋酥卷香葱口味90克,萨啦咪啃德佬小鸡腿(烤)袋装28克,双汇Q趣儿香肠(香辣风味)85g,塑料购物袋(大),,,,,,,,,,,,,,,,,,
"希尔5""""""""圆碗614805""""",飘柔滋润去屑洗发露200ml,塑料购物袋(大),龙士达小号清新冷水壶L-310,三江购物芸香木筷SJ-40876(5双装),六神宝宝(汉草)舒痱沐浴露200ml,洁丽雅提花童巾6828-1(50*25cm),双灯半无捻提花毛巾T3009-1(72cm*3,双灯提缎半无捻割绒童巾3022-1,,,,,,,,,,,,,,,,
西葫芦（一级）,尖椒（一级）,,,,,,,,,,,,,,,,,,,,,,,
雪碧清爽柠檬味汽水500ml,好舒爽加长护垫HD820(20片),唯尔福亲肤型超薄卫生护垫5321（25,蒙牛妙妙果蔬乳味饮品(草莓味)125m,,,,,,,,,,,,,,,,,,,,,
今麦郎葱香排骨面109克五连包,均瑶味动力发酵型乳酸菌饮品原味10,双汇王中王优级火腿肠袋装300g(10,,,,,,,,,,,,,,,,,,,,,,
香软粳米(散装),,,,,,,,,,,,,,,,,,,,,,,,
香软粳米(散装),,,,,,,,,,,,,,,,,,,,,,,,
干海带,嘎啦(一级),奥妙超效洗衣皂含芦荟精华206克*2,良厨小圆子250g,,,,,,,,,,,,,,,,,,,,,
香软粳米(散装),,,,,,,,,,,,,,,,,,,,,,,,
散装佳迪法式软面包香奶味,,,,,,,,,,,,,,,,,,,,,,,,
百事可乐2.5L,良厨小圆子250g,塑料购物袋(大),盼盼番茄味薯片(家庭装)138克,南阳之星时尚系列双层抽取面纸200,统一小浣熊意大利红烩干脆面46g,统一小浣熊干脆面烧烤味46克,城隍潭孝感米酒300g,青蛙适齿型牙刷买二送一323,,,,,,,,,,,,,,,,
am8:00普通浴花SX-1212YHI,神仙居按摩锤66-04,塑料购物袋(大),光明酸牛奶(红枣味)100g*8,雪洁儿童牙刷818,am8:00超柔浴花B-0043,冷酸灵儿童防蛀牙膏50g,云蕾防水浴帽,,,,,,,,,,,,,,,,,
荷兰乳牛多维营养奶粉400克,,,,,,,,,,,,,,,,,,,,,,,,
塞翁福精选一级品雪花银耳130g,三全麦香早点奶香馒头1.36kg,,,,,,,,,,,,,,,,,,,,,,,
麦香堡夹心豆沙面包40克,盼盼番茄味薯片(家庭装)138克,,,,,,,,,,,,,,,,,,,,,,,
立白健康柔护皂粉1.6kg,P潘婷丝质顺滑洗发露,,,,,,,,,,,,,,,,,,,,,,,
鲜鸡蛋,雪碧1.25L+美汁源果粒橙1.25L两联,,,,,,,,,,,,,,,,,,,,,,,
高露洁冰爽劲白防蛀牙膏(闪炫薄荷),,,,,,,,,,,,,,,,,,,,,,,,
蒙牛内蒙古老酸奶(原味)140g,,,,,,,,,,,,,,,,,,,,,,,,
雪碧清爽柠檬味汽水330ml,,,,,,,,,,,,,,,,,,,,,,,,
泥咸蛋(个),散装东北长粒香米(三江购物),三全麦香早点奶香馒头1.36kg,椰树天然椰子汁利乐包1L,,,,,,,,,,,,,,,,,,,,,
鲜鸡蛋,兰州包心菜（一级）,,,,,,,,,,,,,,,,,,,,,,,
藕（三级）,,,,,,,,,,,,,,,,,,,,,,,,
可比克香辣薯片60克,真想您二条男红满福全棉平脚裤JF59,喜之郎什锦果肉果冻200克,塑料购物袋(大),,,,,,,,,,,,,,,,,,,,,
蜡笔小新果肉果冻200克,,,,,,,,,,,,,,,,,,,,,,,,
奥妙超效洗衣皂含芦荟精华206克*2,鲜鸡蛋,,,,,,,,,,,,,,,,,,,,,,,
盼盼番茄味薯片(家庭装)138克,苏菲超薄体贴棉柔日用卫生巾10片,苏菲柔棉纤巧日用卫生巾34片,光明牌酸奶490g,塑料购物袋(大),,,,,,,,,,,,,,,,,,,,
光明e+益生菌酸牛奶(原味)125g,,,,,,,,,,,,,,,,,,,,,,,,
优冠纯正牛奶味软香饼64克,蜡笔小新C果吧果味型可吸果冻480克,旺旺QQ糖荔枝70克,旺旺QQ糖桔子味70克,旺旺QQ糖葡萄味70克,舒肤佳纯白清香型香皂125克,智神迷你山楂片120克,,,,,,,,,,,,,,,,,,
紫甘薯（一级）,翠冠梨（一级）,梅豆（一级）,葵花阳光大米(散装),,,,,,,,,,,,,,,,,,,,,
散装东北长粒香米(三江购物),,,,,,,,,,,,,,,,,,,,,,,,
汰渍三重功效洗衣皂238g*2,清嘴小子青苹果味28克,潘婷乳液修复去屑洗发露200ml,塑料购物袋(大),,,,,,,,,,,,,,,,,,,,,
统一老坛酸菜牛肉风味酱拌面122克,达利园派蛋黄味注心蛋类芯饼200克,塑料购物袋(大),苏菲弹力贴身超熟睡350夜用卫生巾4,苏菲日用洁翼卫生巾20片1034,喜之郎原味奶茶80克,可比克原味薯片60克,,,,,,,,,,,,,,,,,,
双熊猫抽取式绉纹卫生纸300张,塑料购物袋(大),广博便条纸NO.GB5102(89mm*92mm)30,安尔乐清爽卫生护垫无香20片（LDBS,三全麦香早点奶香馒头1.36kg,,,,,,,,,,,,,,,,,,,,
金龙鱼第二代调和油1.8L,咸亨麻油腐乳300克,鲜鸡蛋,小米(散),塑料购物袋(大),,,,,,,,,,,,,,,,,,,,
顶味金丝蛋面(特供)200g,真情红油豇豆200克,加碘精制盐400克,云楼榨菜条158g,云楼学生榨菜丝168g,塑料购物袋(大),,,,,,,,,,,,,,,,,,,
木瓜（一级）,火龙果（一级）,一级水蜜桃,冷冻鱿鱼,蒙牛纯牛奶1L,可扬野生紫菜12g,,,,,,,,,,,,,,,,,,,
鲈鱼（折扣）,罗非鱼（折扣）,生姜（一级）,,,,,,,,,,,,,,,,,,,,,,
散装苏微快乐锅巴日式牛排味,南瓜（一级）,,,,,,,,,,,,,,,,,,,,,,,
鲜鸡蛋,金龙鱼第二代调和油5L,清风原木纯品抽取式面纸(BR38MC)20,汰渍三重功效洗衣皂238克,三江购物保鲜膜促销装40107(30cm*5,塑料购物袋(大),,,,,,,,,,,,,,,,,,,
杭州不锈钢塑柄剪145mm,,,,,,,,,,,,,,,,,,,,,,,,
乌江牌鲜香菜丝80克,乌江涪陵榨菜鲜爽菜丝80克,乌江涪陵榨菜80克,,,,,,,,,,,,,,,,,,,,,,
七度空间绢爽夜用超薄卫生巾10片QS,七度空间公主系列夜用净爽卫生巾5,塑料购物袋(大),苏菲超薄安心日用卫生巾8片,苏菲超薄随心翻超熟睡410夜用卫生,七度空间冰感护垫BQ8928(28片),,,,,,,,,,,,,,,,,,,
老李五香干70克,塑料购物袋(大),汰渍全效炫白加360度洁净洗衣粉百,美丹薯脆烧烤味饼干68克,美丹薯脆鸡肉味装饰饼干68g,鲜一族鹌鹑蛋五香味100克,雪松面巾纸450张*3,,,,,,,,,,,,,,,,,,
民益珍堡蛋糕系列,楚源香米(散),塑料购物袋(大),鲜鸡蛋,白砂糖(散),清美川辣豆干(散真空),榄菊野菊花大盘蚊香36单圈558克,麦香堡夹心豆沙面包40克,好丽友好多鱼烧烤味33克,好丽友好多鱼鲜香海苔味33克,好丽友好多鱼浓香茄汁味33克,上好佳鲜虾片40g,格力高菜园小饼比萨味100克,恒康五香瓜子128克,苏微地道蚕豆酱汁牛肉味136克,日清格力高菜园小饼蕃茄味100克,奥妙超效洗衣皂含芦荟精华206克*2,上好佳鲜虾片40g,,,,,,,
乐事劲爆百事可乐鸡味薯片75克,清风抽取式面纸经济装200抽*2层*3,上好佳玉米卷40g,塑料购物袋(大),舟水联美味手撕鱿鱼片450g,蒙牛内蒙古老酸奶(原味)140g,圣茗香鹌鹑蛋45克,苏菲弹力贴身超薄体贴290夜用卫生,七度空间棉柔薄荷香型冰感护垫18片,苏菲超薄安心日用卫生巾8片,奥妙超效洗衣皂含芦荟精华206克*2,喜之郎果粒爽苹果风味饮料350ml,,,,,,,,,,,,,
懿康香浓燕麦片(粗粮纤维型)105克,洋葱头（一级）,兰州包心菜（一级）,南方芝麻糊240克（6小袋）,圣茗香鹌鹑蛋45克,云楼学生榨菜丝168g,云楼榨菜条158g,生姜（一级）,小米(散),白砂糖(散),双塔龙口粉丝(散),双汇超市火腿肠袋装320g,金钟大红米醋袋装355ml,洁柔JJ056卷纸卫生纸10卷装,,,,,,,,,,,
宝宝金水草本原液亲子套装,榄菊电热蚊香片（儿宝健）30片装,嗳呵婴儿天然草本玉米热痱粉120克,麦香堡夹心豆沙面包40克,,,,,,,,,,,,,,,,,,,,,
天工特大电动车雨披(130cm),,,,,,,,,,,,,,,,,,,,,,,,
蓝月亮抑菌芦荟洗手液经济补充装50,雯丽VE净白补湿美肌面贴膜1片装,,,,,,,,,,,,,,,,,,,,,,,
兰州包心菜（一级）,红提（一级）,绿豆,光明酸牛奶饮品利乐枕(原味)243ml,,,,,,,,,,,,,,,,,,,,,
散装东北大米(三江购物),冰露饮用纯净水550ml,,,,,,,,,,,,,,,,,,,,,,,
百合（一级）,,,,,,,,,,,,,,,,,,,,,,,,
统一贵州风味豆豉酱拌面111克*5包,今野拉面雪菜肉丝面88g*5包,三全面点坊寿桃豆沙包360g,今野红烧牛肉拉面102克五连包,今野拉面红烧牛肉面84g*5包,塑料购物袋(大),,,,,,,,,,,,,,,,,,,
索芙特汉方木瓜白肤香体皂100g,滴露滋润倍护健康香皂125g*3块,心相印优选通用清洁湿巾20片装,黑人双重薄荷牙膏120克送强健牙釉,洁云雅致生活抽取式面纸200抽*3(16,,,,,,,,,,,,,,,,,,,,
国产香蕉（一级）,,,,,,,,,,,,,,,,,,,,,,,,
光明优+高品质牛奶231ml,福有菜籽油5L,,,,,,,,,,,,,,,,,,,,,,,
小白菜（一级）,加碘精制盐400克,,,,,,,,,,,,,,,,,,,,,,,
潘婷垂顺直发洗发露400ml,纸音长卷卫生纸(8011)10卷装,,,,,,,,,,,,,,,,,,,,,,,
光明酸牛奶饮品利乐枕(原味)243ml,三全麦香早点奶香馒头1.36kg,,,,,,,,,,,,,,,,,,,,,,,
云楼脆瓜段200g,云楼榨菜丝268g,雕牌超效加酶无磷洗衣粉818克,,,,,,,,,,,,,,,,,,,,,,
散装徐福记糕饼系列,咸亨糟方腐乳500克,双汇超市火腿肠袋装320g,凯霖中号时尚生活双层玻璃工艺口杯,,,,,,,,,,,,,,,,,,,,,
好玩伴快乐积木NO:FX0809,,,,,,,,,,,,,,,,,,,,,,,,
光明e+益生菌酸牛奶(原味)125g,,,,,,,,,,,,,,,,,,,,,,,,
星燎原图书15,,,,,,,,,,,,,,,,,,,,,,,,
五丰好媳妇灌汤水饺(芹菜猪肉)420g,塑料购物袋(大),良厨御点手工猪肉水饺700g,湾仔码头台湾红烧牛肉面325g,良厨灌汤猪肉水饺1.25kg,良厨御点猪肉馄饨480g,,,,,,,,,,,,,,,,,,,
南阳之星双层抽取式面巾纸200抽*8,"五和保鲜碗5.75""""""""(W052)""""",塑料购物袋(大),妙洁100型经济装保鲜膜30cm*30m,洁成卫生间专用3连卷垃圾袋35*45cm,ALb5510安乐干爽超薄日用10片卫生,希尔小勾匙BH126-1,唯尔福亲肤型超薄卫生护垫5321（25,舒肤佳芦荟香皂125克,美则胜软毛牙刷(二支)202,,,,,,,,,,,,,,,
帮宝适超薄干爽系列大包装中号64片,塑料购物袋(大),雯丽VE净白补湿美肌面贴膜1片装,雯丽左旋VC美白修复面膜贴50g*1片,皎洁少年杜邦丝牙刷,卡夫奥利奥巧克棒巧克力味64克,维他奶特浓醇味豆奶125ml*4,洁身妙玫瑰精华搓泥浴宝240ml,曼妥思冻感粒方无糖橘柚口香糖46克,贝因美冠军宝贝初生婴儿奶粉405克,贝因美奶伴葡萄糖袋装360克,,,,,,,,,,,,,,
雷宇九件套加长内六角LY08030,,,,,,,,,,,,,,,,,,,,,,,,
百顺素色格子绣花毛巾1077(34*78cm,蓝雅高级面巾纸400张,,,,,,,,,,,,,,,,,,,,,,,
冰露饮用纯净水550ml,,,,,,,,,,,,,,,,,,,,,,,,
海飞丝去屑洗发露丝质+苹果型(400+,美汁源爽粒红葡萄水果饮料420ml,,,,,,,,,,,,,,,,,,,,,,,
亭芳家用干燥剂20g×6袋(8398),,,,,,,,,,,,,,,,,,,,,,,,
康师傅矿物质水550ml,塑料购物袋(大),蒙牛酸酸乳芒果味乳饮料250ml,蒙牛酸酸乳蓝莓味乳饮料250ml,立白易漂洗无磷洗衣粉1.03千克,白蜜瓜（一级）,黄金瓜（一级）,三笑深层洁净牙刷B-22N,榄菊蚊香大盘装（高级型）155g,黑妹清新薄荷香型天然野菊花牙膏21,,,,,,,,,,,,,,,
达利园法式小面包香奶味400克,银鹭好粥道薏仁红豆粥280g,养乐多活性乳酸菌乳饮品100ml*5支,康师傅矿物质水1.5L,,,,,,,,,,,,,,,,,,,,,
统一卤肉拌面卤香牛肉味110克,亲友阿胶枣228g,统一老坛酸菜牛肉风味酱拌面122克,一品珍白木耳60g,彩虹原果味果汁糖45克,塑料购物袋(大),,,,,,,,,,,,,,,,,,,
康师傅香菇炖鸡面98克*5包,三江购物垃圾袋(买三送一)45*55cm*,塑料购物袋(大),甘汁园益母红糖350g,怡口莲榛仁巧克力味夹心太妃糖90克,又发泡椒凤爪90克,大好大纸包瓜子138克,丝诺薄型化妆棉120枚(70*50mm),宠物玩具,雪碧清爽柠檬味汽水500ml,,,,,,,,,,,,,,,
蒙牛优益C活菌型乳酸菌乳饮料(原味,绿盛农夫与海夹心牛肉粒混合味100,云楼小菜(乳瓜)180g,云楼小菜(榨菜)180g,光明纯鲜牛奶500ml,云楼学生榨菜丝168g,萨啦咪啃德佬小鸡腿(烤)袋装28克,婆婆嘴石磨豆干麻辣风味90克,湘里美味五香味豆干80克,金丝猴馋嘴猴上汤鸡汁味豆干30g,扁担老头泡椒味豆干90g,益民山楂饼130克,卡夫奥利奥巧克棒巧克力味64克,益民金果园冰糖杨梅110克,衢州熊猫卫生纸袋装400克,双熊猫特白卫生纸300克,,,,,,,,,
枪手蟑香7g,,,,,,,,,,,,,,,,,,,,,,,,
今麦郎手打拉面200克,今麦郎手打鸡蛋面200克,甘霖白砂糖500g,,,,,,,,,,,,,,,,,,,,,,
洁云加韧卷筒纸(112610)180g*10卷,雪碧汽水2.3L,散装动心一族红豆蛋糕,伊利优酸乳乳饮料AD钙250ml,伊利优酸乳乳饮料（蓝莓味）250ML,,,,,,,,,,,,,,,,,,,,
鲁王自发粉1千克,鲁王特精粉2.5kg,,,,,,,,,,,,,,,,,,,,,,,
五丰奶黄包510g,塑料购物袋(大),光明酸奶原味经济装100g*8,康师傅珍品鲜虾鱼板桶面97克,双汇精制香辣香脆肠50g,双汇台式烤香肠48g,双汇非常5+1(香肠80g+番茄沙司8g）,统一卤肉拌面卤香牛肉味110克,五芳斋鲜肉粽140g*2,士力架花生夹心巧克力55克,味聚特口口脆榨菜80克,乌江涪陵榨菜鲜爽菜丝80克,统一老坛酸菜牛肉风味酱拌面122克,好丽友好友趣多汁牛排味切片型马铃,鲜一族双喜蛋62克,大好大纸包瓜子138克,香泉鲜汁鸭爪130克,小王子鲜贝酥海鲜味72克,乡巴佬香卤鸡翅70g,,,,,,
百事可乐2L+七喜2L搭扣装,塑料购物袋(大),爱得利PP自动奶瓶吸管F65(L),康师傅红烧牛肉碗面86克,康师傅红烧牛肉面桶装105克,奥利奥原味巧克力夹心饼干130克,太太乐99度晶体味精1kg,旺旺碎冰冰果味饮料柑桔味78ml,旺旺碎冰冰果味饮料乳酸味78ml,旺旺碎冰冰果味饮料葡萄味78ml,旺旺碎冰冰综合水果味饮料78ml,旺旺碎冰冰果味饮料草莓味78ml,旺旺碎冰冰果味饮料菠萝味78ml,旺旺碎冰冰果味饮料柑桔味78ml,旺旺碎冰冰果味饮料乳酸味78ml,旺旺碎冰冰果味饮料葡萄味78ml,旺旺碎冰冰综合水果味饮料78ml,旺旺碎冰冰果味饮料草莓味78ml,旺旺碎冰冰果味饮料菠萝味78ml,,,,,,
绿箭粒装口香糖64克,绿箭柠檬草薄荷味口香糖瓶装64克,,,,,,,,,,,,,,,,,,,,,,,
绿箭粒装口香糖64克,洁成搓澡巾,舒肤佳纯白清香型香皂125克,奥妙超效洗衣皂含芦荟精华206克*2,,,,,,,,,,,,,,,,,,,,,
娃哈哈AD钙奶饮料220ml*4,圣元优博幼儿配方奶粉900克,贝因美2阶段营养米粉听装437克,,,,,,,,,,,,,,,,,,,,,,
第6感超薄平滑天然胶乳橡胶避孕套2,散装苏微快乐锅巴日式牛排味,乌江涪陵三榨鲜爽菜丝50克,散装东北大米(三江购物),黄芽菜（一级）,金龙鱼第二代调和油5L,,,,,,,,,,,,,,,,,,,
塑料购物袋(大),,,,,,,,,,,,,,,,,,,,,,,,
散装康元香酥条,散装徐福记糕饼系列,百合（一级）,散装奥利奥巧克力味夹心饼干,散装奥利奥双心脆花生威化饼干,塑料购物袋(大),,,,,,,,,,,,,,,,,,,
康师傅冰红茶柠檬口味茶饮品2L,统一来一桶老坛酸菜牛肉面120克,康师傅红烧牛肉面桶装105克,康师傅酸菜牛肉桶面122克,塑料购物袋(大),,,,,,,,,,,,,,,,,,,,
护舒宝瞬洁贴身量多日用/夜用卫生,舒肤佳柠檬香皂125克,奥妙99超效洗衣皂226g,卫康钢丝球WK-0824,护舒宝瞬洁贴身夜用超长护翼4片,光明1911原酪酸牛奶(原味)160g,养乐多活性乳酸菌乳饮品100ml*5支,塑料购物袋(大),,,,,,,,,,,,,,,,,
汶权男士平脚裤2条装2398(L),,,,,,,,,,,,,,,,,,,,,,,,
塑料购物袋(大),,,,,,,,,,,,,,,,,,,,,,,,
白木耳(一级),白砂糖(散),,,,,,,,,,,,,,,,,,,,,,,
鲜鸡蛋,,,,,,,,,,,,,,,,,,,,,,,,
塑料购物袋(大),光明酸奶980g,康发桔子水果罐头550克,云楼肖山萝卜200g,云楼榨菜芯200g,荷氏草本润喉糖冰糖雪梨味20.8克,好丽友呀!土豆薯条(里脊牛排味)40,盼盼番茄味薯片(家庭装)138克,康师傅冰红茶柠檬口味茶饮品2L,哈尔滨冰爽啤酒9度拉罐330ml*6罐,百威啤酒拉罐330ml,娃哈哈启力牛磺酸维生素饮料250ml,香飘飘巧克力奶茶80克,大乐豆兰花豆香辣味65克,恒康五香瓜子128克,维他奶巧克力豆奶饮料250ml,,,,,,,,,
光明纯鲜牛奶1.5L,佳洁士草本水晶清爽薄荷牙膏105克,丝瓜（一级）,苦瓜（一级）,土豆（一级）,零度可口可乐汽水拉罐(无糖)330ml,雪碧清爽柠檬味汽水330ml,塑料购物袋(大),,,,,,,,,,,,,,,,,
蒙牛纯牛奶250ML,,,,,,,,,,,,,,,,,,,,,,,,
喜之郎果粒爽苹果风味饮料350ml,喜之郎果粒爽葡萄风味饮料350ml,旺旺碎冰冰果味饮料菠萝味78ml,旺旺碎冰冰果味饮料草莓味78ml,塑料购物袋(大),旺旺碎冰冰果味饮料菠萝味78ml,旺旺碎冰冰果味饮料草莓味78ml,,,,,,,,,,,,,,,,,,
蓝怡雪收腹裤7530(XL),塑料购物袋(大),三江购物洗衣皂238克*2,佳洁士全优7效牙膏90克配磨砂水杯,,,,,,,,,,,,,,,,,,,,,
三江购物断点式保鲜袋小号20cm*30c,妙洁100型经济装保鲜膜30cm*30m,塑料购物袋(大),云楼肖山萝卜200g,益达木糖醇口香糖清爽西瓜味56克,佳洁士防蛀牙膏薄荷200克,衢州熊猫卫生纸袋装400克,,,,,,,,,,,,,,,,,,
雪碧清爽柠檬味汽水500ml,L麦奇哈男运动短裤202,L传承男六分裤8131176,爱被夏凉被(150*200cm),七度空间绢爽超薄日用卫生巾10片QS,山浩全棉连套枕头011-21(74*48cm),,,,,,,,,,,,,,,,,,,
双汇泡面拍档香肠30g*9,塑料购物袋(大),雪碧清爽柠檬味汽水500ml,清嘴小子葡萄味28克,清嘴小子草莓味糖28克,喜之郎果肉果冻蜜桔味散装,喜拖拖交叉吹气女拖8005,圣茗香鹌鹑蛋45克,喜之郎乳酸钙果冻15克*10,喜之郎喜庆吉祥蜜桔味果冻90克,汉风10入圆珠笔FC3001A,晨光中性笔0.7mmVGP-1111(4支装),六神宝宝(汉草)舒痱沐浴露200ml,海飞丝清爽去油型去屑洗发露200ml,娃哈哈营养快线牛奶果昔饮品原味28,娃哈哈营养快线牛奶果昔饮品菠萝味,,,,,,,,,
散装糯米,长粒香糯米(散),,,,,,,,,,,,,,,,,,,,,,,
苏泊尔电压力锅CYSB50YC10A-100(5L,,,,,,,,,,,,,,,,,,,,,,,,
散装喜之郎果汁果冻条系列,L麦奇哈男运动短裤205,闽黑马夹脚男沙滩拖鞋A9922(39#),,,,,,,,,,,,,,,,,,,,,,
散装东北大米(三江购物),汤师傅无沙紫菜60克,哈尔滨冰畅啤酒8度罐装330ml*6,奥妙超效洗衣皂含芦荟精华206克*2,元臻蜜汁鲜烤鳕鱼30g,红富士80#（一级）,老州山生虾皮,红富士80#（一级）,富华林糯米荔枝450g,塑料购物袋(大),加碘精制盐400克,双汇王中王优级火腿肠400g(10支装),永惠新疆骏枣228g,对虾（三级）,,,,,,,,,,,
蒙牛酸牛奶(原味)100g*8,,,,,,,,,,,,,,,,,,,,,,,,
三江购物精制拉面350g*2,兰州包心菜（一级）,,,,,,,,,,,,,,,,,,,,,,,
荷氏草本润喉糖草本特强味20.8克,,,,,,,,,,,,,,,,,,,,,,,,
一品珍白木耳60g,塑料购物袋(大),白砂糖(散),富华林建宁莲子350g,蓝怡雪束缚带7451(XL),蓝月亮深层洁净护理洗衣液薰衣草香,奥妙超效洗衣皂含芦荟精华206克*2,,,,,,,,,,,,,,,,,,
兰州包心菜（一级）,鲜鸡蛋,,,,,,,,,,,,,,,,,,,,,,,
果然多CC紫晶葡萄味果卷19克,塑料购物袋(大),卡夫mini奥利奥夹心小饼干55克,卡夫mini奥利奥巧克力味夹心小饼干,格力高百力滋微辣虾饼干65克,农夫“尖叫”纤维饮料550ml,好丽友呀!土豆薯条(里脊牛排味)40,好丽友好多鱼浓香茄汁味33克,好丽友好多鱼鲜香海苔味33克,喜之郎美好时光海苔7.5克,喜之郎乳酸钙果冻15克*10,比巴卜草莓味棉花泡泡糖11克,乐事无限黑椒牛扒味薯片104克,阿尔卑斯精选酸奶软糖36克,好丽友好多鱼烧烤味33克,奥利奥树莓+蓝莓巧克力夹心饼106克,阿尔卑斯精选热带水果牛奶软糖36克,,,,,,,,
蒙牛特仑苏低脂奶250ml*12,康富来血尔口服液76ml*5瓶,红提（一级）,塑料购物袋(大),红富士80#（一级）,,,,,,,,,,,,,,,,,,,,
香软粳米(散装),,,,,,,,,,,,,,,,,,,,,,,,
佳倍龙须面375克*2,光明畅优优酪乳发酵乳(原味)800g（,,,,,,,,,,,,,,,,,,,,,,,
顶味蛋清拉面超值家庭装908g,白砂糖(散),本地鲜鸡蛋,,,,,,,,,,,,,,,,,,,,,,
金必氏愉快动物饼紫菜味饼干50克,金必氏愉快动物饼奶油味饼干50克,,,,,,,,,,,,,,,,,,,,,,,
长粒香糯米(散),五芳斋肉粽5只装200克,,,,,,,,,,,,,,,,,,,,,,,
相宜本草美白滋润洁面膏100g,黑人立齿洁牙刷买二送一装,,,,,,,,,,,,,,,,,,,,,,,
民益糕饼系列(散),民益花生小酥280g,鲜鸡蛋,金龙鱼第二代调和油2.5L,,,,,,,,,,,,,,,,,,,,,
雪碧汽水2.3L,,,,,,,,,,,,,,,,,,,,,,,,
飞鹰固定式双层刀片FⅡ,L世登堡男短裤82-22,蒜头（一级）,塑料购物袋(大),,,,,,,,,,,,,,,,,,,,,
散装东北米(中汇),纸音长卷卫生纸(8011)10卷装,,,,,,,,,,,,,,,,,,,,,,,
飘柔家庭绿茶长效清爽洗发露去油型,高露洁防蛀美白牙膏140克,,,,,,,,,,,,,,,,,,,,,,,
忠来婴幼儿葡萄糖320克,爱得利PP奶瓶120ml(A65),圣茗香鹌鹑蛋45克,太子乐幼儿奶粉3段400g,,,,,,,,,,,,,,,,,,,,,
强生婴儿爽身粉听装140g,舒肤佳柠檬清新沐浴露1升,,,,,,,,,,,,,,,,,,,,,,,
塑料购物袋(大),,,,,,,,,,,,,,,,,,,,,,,,
三全麦香早点奶香馒头1.36kg,,,,,,,,,,,,,,,,,,,,,,,,
明治欣欣杯草莓味50克,鲜一族鹌鹑蛋五香味100克,喜之郎果粒爽香橙风味饮料350ml,,,,,,,,,,,,,,,,,,,,,,
雪碧汽水2.3L,,,,,,,,,,,,,,,,,,,,,,,,
双熊猫白色面巾纸,双汇红肠(上海风味)300g,鲜鸡蛋,良厨灌汤猪肉水饺1.25kg,,,,,,,,,,,,,,,,,,,,,
喜之郎果冻爽荔枝味150克,旺旺碎冰冰果味饮料草莓味78ml,旺旺碎冰冰果味饮料葡萄味78ml,旺旺碎冰冰果味饮料菠萝味78ml,圣茗香鹌鹑蛋45克,散装喜之郎果汁果冻条系列,白砂糖(散),旺旺碎冰冰果味饮料草莓味78ml,旺旺碎冰冰果味饮料葡萄味78ml,,,,,,,,,,,,,,,,
安琪马来西亚风味腰果酥30克,麦香堡夹心豆沙面包40克,荣诚曲奇饼干蜜橙汁味48克,喜之郎美好时光原味海苔3克,新家园烤馍锅巴咖喱牛肉风味75克,圣茗香鹌鹑蛋45克,绿箭口香糖(5片)15克,散装东北米(中汇),,,,,,,,,,,,,,,,,
百事可乐可乐型汽水六罐装330ml*6,乐事意大利香浓红烩味薯片45g,味聚特学生营养榨菜80克,川南口口脆榨菜62g,乡下妹学生去皮榨菜丝82g,冷酸灵脱敏牙膏水果香型130克,,,,,,,,,,,,,,,,,,,
清风抽取式面纸经济装200抽*2层*3,护舒宝瞬洁贴身量多日用/夜用卫生,塑料购物袋(大),护舒宝瞬洁丝薄日用护翼18片,世家清洁球（2只装）21044,佳洁士双效炫白牙膏180克送水杯,咸亨辣味腐乳300克,,,,,,,,,,,,,,,,,,
美则胜超新型软毛牙刷NO.705,一级巨峰葡萄,,,,,,,,,,,,,,,,,,,,,,,
国产香蕉（一级）,芬达橙味汽水500ml,,,,,,,,,,,,,,,,,,,,,,,
散装东北长粒香米(三江购物),,,,,,,,,,,,,,,,,,,,,,,,
蓝月亮Q厕宝50g,,,,,,,,,,,,,,,,,,,,,,,,
康师傅珍品红烧牛肉面104克*5包,芬达橙味汽水500ml,,,,,,,,,,,,,,,,,,,,,,,
一品珍白木耳60g,白砂糖(散),,,,,,,,,,,,,,,,,,,,,,,
伊利优酸乳乳饮料（草莓味）250ML,蒙牛未来星儿童健骨成长牛奶190ml*,,,,,,,,,,,,,,,,,,,,,,,
统一老坛酸菜牛肉风味酱拌面122克,榄菊蚊香大盘装（高级型）310g,舒肤佳纯白清香型香皂125克,佳洁士缤纷彩虹牙刷（软毛）,塑料购物袋(大),,,,,,,,,,,,,,,,,,,,
蒙牛妙妙儿童营养乳酸饮品180ml*4,,,,,,,,,,,,,,,,,,,,,,,,
娃哈哈锌爽歪歪营养酸奶饮品125g*4,塑料购物袋(大),七度空间纯棉夜用超薄卫生巾8片QSC,七度空间纯棉夜用超薄卫生巾10片QS,艾兰得Vc含片桔子味0.65克*10片,母亲生烤牛肉丁（韩式烧烤味）13.8,母亲生烤牛肉丁（泰式咖哩味）13.8,祖名卤制豆干鸡汁味100克,绿盛百卤坊翅根38g,绿盛百卤坊鸭脖30g,妮维雅多效润手霜50ml,萨啦咪手造鸭舌22克,艾兰得VC含片无糖型草莓味0.65g*10,,,,,,,,,,,,
舒肤佳香皂组合(纯白115g*3+柠檬11,,,,,,,,,,,,,,,,,,,,,,,,
塑料购物袋(大),,,,,,,,,,,,,,,,,,,,,,,,
雪梨（打折）,多晶冰糖(散),芋艿（一级）,新疆核桃（一级）,,,,,,,,,,,,,,,,,,,,,
超能椰果植物焕彩洗衣皂260g*2,光明酸牛奶(红枣味)180g,隆祥斋糕团(椰丝)210g,双熊猫卫生纸260张,塑料购物袋(大),超能柠檬草清新祛味透明皂260克*2,超能棕榈活性去渍透明皂260g*2,,,,,,,,,,,,,,,,,,
太子乐婴幼儿奶粉2段400g,塑料购物袋(大),,,,,,,,,,,,,,,,,,,,,,,
榄菊蚊香大盘装（高级型）155g,金龙鱼第二代调和油5L,,,,,,,,,,,,,,,,,,,,,,,
亲友阿胶枣228g,新疆核桃（一级）,,,,,,,,,,,,,,,,,,,,,,,
美汁源C粒柠檬香橙水果饮料420ml,云南白药薄荷清爽型牙膏100克,卡拉羊登山包E376,益达木糖醇薄荷味瓶装56克,清风抽取式面纸经济装200抽*2层*3,,,,,,,,,,,,,,,,,,,,
海飞丝丝滑柔顺型去屑润发精华露20,蓝怡雪女内裤2367(L),,,,,,,,,,,,,,,,,,,,,,,
湾仔码头秘制豆沙包350g,塑料购物袋(大),养乐多活性乳酸菌乳饮品100ml*5支,光明轻巧包酸牛奶180g,蒙牛冠益乳草莓果粒酸奶250g,海天特级金标生抽酱油500ml,蒙牛优益C活菌型乳酸菌乳饮料(芦荟,海天白米醋450ml,蓝月亮野菊花清爽洗手液经济补充装,威猛先生厨房重油污净（柠檬）补充,奥妙99超效洗衣皂226g,坛坛香精致剁辣椒425克,am8:00普通浴花SX-1212YHI,,,,,,,,,,,,
大好大奶油瓜子袋装80克,茂发可乐味跳跳糖18.4克,,,,,,,,,,,,,,,,,,,,,,,
南阳之星平纹特惠卷纸10卷,可比克番茄薯片60克,真巧酱芯蛋卷注心草莓味100g,芬达橙味汽水500ml,旺泰阿胶枣258克,润亨红珍珠果丹皮100克,,,,,,,,,,,,,,,,,,,
光明纯鲜牛奶500ml,光明纯鲜牛奶200ml,拥有孝感米酒(饮料型)280g,绿箭黄瓜薄荷味口香糖64克,五芳斋鲜肉粽140g*2,,,,,,,,,,,,,,,,,,,,
塑料购物袋(大),,,,,,,,,,,,,,,,,,,,,,,,
七喜柠檬味汽水2.5L,,,,,,,,,,,,,,,,,,,,,,,,
城隍潭孝感米酒300g,兰州包心菜（一级）,,,,,,,,,,,,,,,,,,,,,,,
如果他夹心棒棒糖18g,红富士75#果（一级）,单晶冰糖(散),金钟大红米醋袋装355ml,不二家牛奶棒棒糖116克,云楼学生榨菜丝168g,伊利原味牛奶片32克,,,,,,,,,,,,,,,,,,
光明酸牛奶(红枣味)100g*8,养元六个核桃核桃乳精品型240ml,东古一品鲜酱油150ml,,,,,,,,,,,,,,,,,,,,,,
白砂糖(散),,,,,,,,,,,,,,,,,,,,,,,,
楚源香米(散),蒙牛益生菌酸牛奶(原味)1.2kg,,,,,,,,,,,,,,,,,,,,,,,
老干妈香辣菜80克,,,,,,,,,,,,,,,,,,,,,,,,
零度可口可乐汽水拉罐(无糖)330ml,,,,,,,,,,,,,,,,,,,,,,,,
1316唯尔福婴儿尿片中号20片,三江购物有芯卷纸10+10实惠装,南阳之星双层抽取式面巾纸200抽*8,,,,,,,,,,,,,,,,,,,,,,
冰泉豆腐花袋装256克,华精手磨核桃黑芝麻营养糊320克,米老头多谷果子蛋黄味160克,小彩娃蛋糕粉麦香味200克,美丹原味薯片180g,米老头麦通500克,好丽友呀!土豆薯条(里脊牛排味)40,乐事无限小番茄味薯片104克,好丽友好多鱼烧烤味33克,阿尔卑斯精选酸奶软糖36克,喜之郎果粒爽香橙风味饮料350ml,旺旺碎冰冰果味饮料葡萄味78ml,旺旺碎冰冰果味饮料草莓味78ml,旺旺碎冰冰果味饮料柑桔味78ml,旺旺碎冰冰果味饮料葡萄味78ml,旺旺碎冰冰果味饮料草莓味78ml,旺旺碎冰冰果味饮料柑桔味78ml,,,,,,,,
塑料购物袋(大),,,,,,,,,,,,,,,,,,,,,,,,
鲁王饺子粉1千克,可扬小黄鱼鲞300g,塑料购物袋(大),,,,,,,,,,,,,,,,,,,,,,
冰露饮用纯净水550ml,力士恒久嫩肤娇肤香皂125克,纳爱斯伢牙乐儿童牙膏（亲亲草莓）,佳洁士珍珠盐白牙膏(柠檬清新）140,,,,,,,,,,,,,,,,,,,,,
白砂糖(散),,,,,,,,,,,,,,,,,,,,,,,,
安尔乐蓝芯丝薄夜用卫生巾LJC9210(,安尔乐蓝芯日用柔棉卫生巾LJC8110(,安尔乐棉柔迷你卫生巾10片(LJC8310,塑料购物袋(大),,,,,,,,,,,,,,,,,,,,,
科技糖水枇杷罐头430g,城隍潭孝感米酒300g,大热带酒酿360克,旺旺雪饼84克,,,,,,,,,,,,,,,,,,,,,
康师傅冰红茶柠檬口味茶饮品2L,塑料购物袋(大),七度空间优雅棉柔夜用卫生巾A88804,七度空间优雅丝柔日用卫生巾10片(A,六神艾叶除菌香皂125g,七度空间迷你纯棉超薄卫生巾(QSC63,小青祛痘抑脂靓肤洁面乳,六神艾叶健肤沐浴露(滋润型)750ml,,,,,,,,,,,,,,,,,
鲜鸡蛋,,,,,,,,,,,,,,,,,,,,,,,,
海飞丝丝质柔滑型去屑洗发露400ml,舒肤佳芦荟香皂115g*3,,,,,,,,,,,,,,,,,,,,,,,
统一冰糖雪梨汁饮料500ml,舒肤佳纯白清香型香皂125克,康师傅矿物质水550ml,,,,,,,,,,,,,,,,,,,,,,
青蛙前驱型交叉软毛牙刷688,维纳斯牛头牌高效去油洗洁精2kg,,,,,,,,,,,,,,,,,,,,,,,
妈咪宝贝M女婴尿裤24片1074,塑料购物袋(大),科技桔片爽罐头255g,蒙牛酸酸乳蓝莓味乳饮料250ml,SNOOPY儿童舒爽呵护花露水200ml,蒙牛酸酸乳(AD钙)乳饮料250ml,喜多多绿豆汤(清凉)370克,串屋棉花糖100克,娃哈哈AD钙奶饮料220ml*4,维维高钙多维豆奶粉350克,娃哈哈锌爽歪歪营养酸奶饮品125g*4,美年达汽水2.5L,,,,,,,,,,,,,
拥有孝感米酒(饮料型)280g,蒙牛早餐奶（核桃）250ml,伊利巧克力味牛奶饮品250ml,银鹭花生牛奶蛋白饮料250ml,娃哈哈杏仁紫八宝粥360g,塑料购物袋(大),,,,,,,,,,,,,,,,,,,
美年达汽水2.5L,蒙牛酸牛奶(原味)100g*8,嘘嘘乐干爽舒适纸尿裤大号24片,塑料购物袋(大),娃哈哈AD钙奶饮料100ml*6,伊利QQ星儿童草莓味乳饮品100ml*5,娃哈哈桂圆莲子营养八宝粥360克,蒙牛纯牛奶1L,一级国产黑布林,,,,,,,,,,,,,,,,
益达无糖口香糖热带水果味12片32克,光明酸牛奶饮品利乐枕(原味)243ml,,,,,,,,,,,,,,,,,,,,,,,
妙脆角玉米角魔力炭烧味14g,乐事无限鲜浓番茄味薯片40克,蓝怡雪纯棉文胸背心32225(40),塑料购物袋(大),蓝怡雪孕妇裤2510,妙脆角玉米角美式茄汁味14g,雪碧清爽柠檬味汽水500ml,醒目苹果汁500ml,芬达橙味汽水500ml,旺旺QQ糖菠萝(凤梨)味70克,,,,,,,,,,,,,,,
长城医用棉签50支,丝诺薄型化妆棉120枚(70*50mm),李医生黑头导出精华液50ml,李医生去黑头洁净面膜45g,,,,,,,,,,,,,,,,,,,,,
李医生男士磨砂洁面乳120g,真想您二条男红满福全棉平脚裤JF59,塑料购物袋(大),,,,,,,,,,,,,,,,,,,,,,
泥皮蛋(个),,,,,,,,,,,,,,,,,,,,,,,,
益达木糖醇香橙薄荷味无糖口香糖56,"苏泊尔YL209H2""""""""好帮手""""""""压力锅20cm""""",YL209G2苏泊尔新款蒸格压力锅20cm,公牛连接线GN-J4（2米）,,,,,,,,,,,,,,,,,,,,,
清风原木纯品抽取式面纸(BR38MC)20,黑人透心爽牙膏(柠檬)120克,散装东北大米(三江购物),,,,,,,,,,,,,,,,,,,,,,
蒙牛未来星儿童肠胃成长牛奶190ml*,太太乐鸡精500克,散装喜之郎果汁果冻条系列,南阳之星双层抽取式面巾纸200抽*8,好舒爽瞬洁亲肤棉柔夜用卫生巾8片,好舒爽亲肤棉柔丝薄夜用卫生巾10片,蒙牛优益C活菌型乳酸菌乳饮料(原味,,,,,,,,,,,,,,,,,,
南阳之星双层抽取式面巾纸200抽*8,明润皱纹卫生纸500克,云峰男牛皮沙滩鞋A07(43#),,,,,,,,,,,,,,,,,,,,,,
散装糯米,好舒爽舒适柔棉丝薄卫生巾组合装,塑料购物袋(大),好奇棉柔滋润婴儿柔润湿巾80片,强生婴儿护肤柔湿巾轻便装10片,莲虹弹力棉女短裤1399(L-XL),莲虹女裤018(XL),纳爱斯牙膏(齿恋VC)95g,爱得利软头安全汤匙F21,爱得利A23玻璃小奶瓶120ml,,,,,,,,,,,,,,,
福海堂三级龙井茶250克,,,,,,,,,,,,,,,,,,,,,,,,
皇室白咖啡8杯160克,美年达橙味汽水500ml,,,,,,,,,,,,,,,,,,,,,,,
宝宝金水热痱粉140g,,,,,,,,,,,,,,,,,,,,,,,,
百事可乐2.5L,洽洽香瓜子200克,,,,,,,,,,,,,,,,,,,,,,,
奥妙超效洗衣皂含芦荟精华206克*2,舒肤佳纯白清香型香皂125克,南阳之星双层抽取式面巾纸200抽*8,,,,,,,,,,,,,,,,,,,,,,
光明纯鲜牛奶500ml,,,,,,,,,,,,,,,,,,,,,,,,
绿箭口香糖(5片)15克,可口可乐汽水500ml,圣茗香鹌鹑蛋45克,,,,,,,,,,,,,,,,,,,,,,
日清格力高菜园小饼蕃茄味100克,塑料购物袋(大),上好佳荷兰豆55g,统一小浣熊干脆面烧烤味46克,益民山楂羹180克,上好佳鲜虾片40g,均瑶味动力发酵型乳酸菌饮品原味10,强生美肌恒日水嫩沐浴乳400克,统一小浣熊意大利红烩干脆面46g,喜得白白牙素33g,,,,,,,,,,,,,,,
舒洁温和洁肤超凡柔湿巾10片,舒洁清透劲爽超凡柔湿巾10片,母亲原味早餐棒60克,喜得白全效型白牙素33克,,,,,,,,,,,,,,,,,,,,,
莎奴亚男士时尚平脚裤2条装9750(XL,宝中宝蛇胆清凉花露水195ml,三江购物大豆油5L,芬达橙汁汽水2.3L,珏饰女背心219,,,,,,,,,,,,,,,,,,,,
可口可乐汽水2.3L,,,,,,,,,,,,,,,,,,,,,,,,
塑料购物袋(大),蒙牛大果粒桑葚+椰果酸奶260g,光明酸奶原味经济装100g*8,哈尔滨冰爽啤酒9度拉罐330ml*6罐,蒙牛冠益乳草莓果粒酸奶250g,康师傅矿物质水1.5L,均瑶味动力发酵型乳酸菌饮品原味33,李字（檀香型）蚊香5双盘,纸音高级方巾纸(8102)330张,双汇台式烤香肠48g,喻之味山椒花生80g,味聚特山椒藕片80克,三江购物垃圾袋(买三送一)45*55cm*,动心一族奶油果仁蛋糕100克,喜之郎果冻爽菠萝味150克,,,,,,,,,,
鲜鸡蛋,维维维他型中老年豆奶粉500克,,,,,,,,,,,,,,,,,,,,,,,
九州1#杯,,,,,,,,,,,,,,,,,,,,,,,,
好吉利2层抽取式面巾纸200抽*3包C0,,,,,,,,,,,,,,,,,,,,,,,,
散装东北米(中汇),福有玉米油5L,塑料购物袋(大),长粒香糯米(散),雪碧汽水2.3L,清美绿豆豆奶230ml,清美金玉米豆奶230ml,扁担老头麻辣味豆干90g,小霸王香辣海鱼60克,婆婆嘴石磨豆干麻辣风味90克,奥妙超效洗衣皂含芦荟精华206克*2,护舒宝超值干爽贴身日用卫生巾20片,旺旺碎冰冰果味饮料柠檬味78ml,旺旺碎冰冰果味饮料柑桔味78ml,旺旺碎冰冰综合水果味饮料78ml,美则胜软毛牙刷(二支)202,火轮夹脚女凉拖鞋HL9955,康师傅矿物质水550ml,舒肤佳纯白清香型香皂125克,潘婷乳液修复洗发露400ml,,,,,
高露洁冰爽冰凉薄荷牙膏120克,纸音长卷卫生纸(8011)10卷装,娃哈哈纯净水596ML,,,,,,,,,,,,,,,,,,,,,,
酷儿橙汁饮料450ml,美汁源爽粒红葡萄水果饮料420ml,,,,,,,,,,,,,,,,,,,,,,,
康师傅笋干老鸭煲袋面101克五连包,蒙牛酸牛奶(原味)950g,光明酸牛奶(红枣味)480g,塑料购物袋(大),,,,,,,,,,,,,,,,,,,,,
可扬野生紫菜12g,三江购物盐渍海蛰500g,一品珍白木耳60g,亲友阿胶枣228g,今麦郎手打拉面200克,塑料购物袋(大),,,,,,,,,,,,,,,,,,,
亲友阿胶枣228g,鲜鸡蛋,三江购物大豆油5L,,,,,,,,,,,,,,,,,,,,,,
芬达橙汁汽水2.3L,散装喜之郎果汁果冻条系列,老干妈香辣菜80克,百事可乐1.25L+纯果乐鲜果粒橙汁饮,塑料购物袋(大),,,,,,,,,,,,,,,,,,,,
康师傅珍品红烧牛肉面104克*5包,梅豆（一级）,雕牌全效加浓洗洁精1.5kg,康师傅酸菜牛肉桶面122克,塑料购物袋(大),,,,,,,,,,,,,,,,,,,,
带鱼200-300,胖头鱼（折扣）,花蛤,丝瓜（打折）,,,,,,,,,,,,,,,,,,,,,
花蛤,带鱼200-300,,,,,,,,,,,,,,,,,,,,,,,
三江购物大豆油5L,三全麦香早点奶香馒头1.36kg,,,,,,,,,,,,,,,,,,,,,,,
三全麦香早点奶香馒头1.36kg,散装糯米,芋艿（一级）,花蛤,百钻双效泡打粉50g,,,,,,,,,,,,,,,,,,,,
鲜鸡蛋,,,,,,,,,,,,,,,,,,,,,,,,
花蛤,,,,,,,,,,,,,,,,,,,,,,,,
达利园法式小面包香奶味400克,汰渍净白去渍无磷洗衣粉1.55千克,,,,,,,,,,,,,,,,,,,,,,,
咸亨火腿腐乳350g,,,,,,,,,,,,,,,,,,,,,,,,
芋艿（一级）,白砂糖(散),衢州熊猫卫生纸袋装400克,蜂花首乌养发护发素458ml,PP湖三五香牛肉干50克,塑料购物袋(大),海天特级一品鲜酱油1.28L,悠哈特浓巧克力糖102克,绿力500芒果汁饮料495ml,悠哈特浓抹茶牛奶糖75g,妙洁畅饮杯210ml(80只装),全无敌蚊香(花香型)31g*20双盘,好吃点杏仁酥146克,鲜鸡蛋,,,,,,,,,,,
双鱼8寸圆盘DF-P103(10只装),光皮蛋,,,,,,,,,,,,,,,,,,,,,,,
光明酸牛奶(红枣味)100g*8,喜之郎黄桃＆蜜桃果肉果冻200克,三江购物新型竹竿夹30577(4只装),喜之郎什锦果肉果冻200克,喜之郎葡萄&苹果果肉果冻200克,,,,,,,,,,,,,,,,,,,,
三江购物大豆油5L,,,,,,,,,,,,,,,,,,,,,,,,
西红柿（一级）,,,,,,,,,,,,,,,,,,,,,,,,
大粒薏米仁(散),,,,,,,,,,,,,,,,,,,,,,,,
青蛙贴齿波浪型牙刷685,花蕊洋槐蜜宝1千克,黄芩中药高级牙膏200克,立白易漂洗无磷洗衣粉1.03千克,,,,,,,,,,,,,,,,,,,,,
国产香蕉（一级）,生姜（一级）,灯椒（一级）,,,,,,,,,,,,,,,,,,,,,,
单晶冰糖(散),,,,,,,,,,,,,,,,,,,,,,,,
云楼榨菜芯200g,元宝牌优质特精小麦粉2.5kg,,,,,,,,,,,,,,,,,,,,,,,
维纳斯多效金银花花露水195ml,哆啦A梦婴儿祛痱粉清凉舒爽150g,蒙牛大果粒桑葚+椰果酸奶260g,L钰杰依典女裤A-84,古今全棉府绸文胸14#(88-92),蒙牛冠益乳草莓果粒酸奶250g,S兰中花女短袖针织衫838(-4),康师傅冰红茶500ml,塑料购物袋(大),,,,,,,,,,,,,,,,
雕牌透明皂(阳光清柠)228克,舒肤佳纯白清香型香皂125克,百合（一级）,好想你新郑红枣200g,,,,,,,,,,,,,,,,,,,,,
国产香蕉（一级）,嘎啦(一级),,,,,,,,,,,,,,,,,,,,,,,
清美老豆腐320g,新鲜生姜（一级）,小葱（一级）,芹菜（一级）,,,,,,,,,,,,,,,,,,,,,
韭菜（一级）,散装东北米(中汇),紫甘薯（一级）,,,,,,,,,,,,,,,,,,,,,,
散装奥利奥巧克力味夹心饼干,散装三牛奶油椒盐酥曲奇饼干,散装优冠牛奶香脆饼干纯正牛奶味,光明纯鲜牛奶980ml,,,,,,,,,,,,,,,,,,,,,
白砂糖(散),,,,,,,,,,,,,,,,,,,,,,,,
川南黄花什锦调味泡菜228g,,,,,,,,,,,,,,,,,,,,,,,,
散装东北米(中汇),带鱼200-300,日本南瓜（一级）,新鲜生姜（一级）,,,,,,,,,,,,,,,,,,,,,
带鱼200-300,,,,,,,,,,,,,,,,,,,,,,,,
金龙鱼第二代调和油2.5L,,,,,,,,,,,,,,,,,,,,,,,,
黑茄（一级）,金针菇（一级）,本地鲜鸡蛋,海天上等蚝油700克,黄芽菜（一级）,土豆（一级）,红萝卜（一级）,佳倍玉兰面375克*2,金钟玫瑰米醋袋装225ml,,,,,,,,,,,,,,,,
鲜鸡蛋,鲜鸡蛋,妙洁PE保鲜膜100尺,,,,,,,,,,,,,,,,,,,,,,
青菜（一级）,,,,,,,,,,,,,,,,,,,,,,,,
绿豆,鸡爪,榄菊蚊香大盘装（檀香型）10单圈15,汰渍全效炫白加衣领净精华洗衣粉56,纳爱斯牙膏(齿恋VC)95g,旺旺碎冰冰果味饮料葡萄味78ml,旺旺碎冰冰果味饮料葡萄味78ml,,,,,,,,,,,,,,,,,,
带鱼200-300,白砂糖(散),麦香堡夹心豆沙面包40克,圣茗香鹌鹑蛋45克,国产香蕉（一级）,散花菜(一级),舒爽超薄干爽日用卫生巾SC9120(简),,,,,,,,,,,,,,,,,,
福临门一级菜籽油5升,光明香浓纯牛奶利乐枕243ml,雷达杀虫气雾剂水基型600毫升,,,,,,,,,,,,,,,,,,,,,,
太太乐鸡精500克,散装东北米(中汇),,,,,,,,,,,,,,,,,,,,,,,
鲁王自发粉1千克,,,,,,,,,,,,,,,,,,,,,,,,
蒜头（一级）,生姜（一级）,,,,,,,,,,,,,,,,,,,,,,,
冷冻野生小黄鱼10-12,本地鲜鸡蛋,,,,,,,,,,,,,,,,,,,,,,,
一级青提,鲜鸡蛋,,,,,,,,,,,,,,,,,,,,,,,
曼妥思草莓苹果树莓无糖口香糖29克,白砂糖(散),裙带菜,,,,,,,,,,,,,,,,,,,,,,
金龙鱼第二代调和油5L,,,,,,,,,,,,,,,,,,,,,,,,
鸡爪,灭害灵电热蚊香片90片送电加热器1,,,,,,,,,,,,,,,,,,,,,,,
国产香蕉（一级）,,,,,,,,,,,,,,,,,,,,,,,,
唯尔福超薄护翼棉质卫生巾2637(20,唯尔福超薄护翼卫生巾2638(20片),,,,,,,,,,,,,,,,,,,,,,,
鲁王超级特精粉5kg,冬瓜（一级）,,,,,,,,,,,,,,,,,,,,,,,
黑妹QQ兔清新香草莓儿童牙膏50g,,,,,,,,,,,,,,,,,,,,,,,,
一级丰水梨,亲友阿胶枣228g,河鲫鱼,,,,,,,,,,,,,,,,,,,,,,
小白菜（一级）,国产香蕉（一级）,,,,,,,,,,,,,,,,,,,,,,,
国产香蕉（一级）,,,,,,,,,,,,,,,,,,,,,,,,
红糖(散),红糖(散),,,,,,,,,,,,,,,,,,,,,,,
裙带菜,海带结,西麦有机燕麦片400g,,,,,,,,,,,,,,,,,,,,,,
鸭爪,,,,,,,,,,,,,,,,,,,,,,,,
淡菜,花蛤,,,,,,,,,,,,,,,,,,,,,,,
鲜鸡蛋,,,,,,,,,,,,,,,,,,,,,,,,
清美传统腐竹200g,五丰玉米刀切450g,塑料购物袋(大),清美高房内酯豆腐350g,L世登堡男短裤82-27,,,,,,,,,,,,,,,,,,,,
散装新乐福排骨梳打发酵饼干,国产香蕉（一级）,夏黑葡萄(一级),百合（一级）,红提（一级）,,,,,,,,,,,,,,,,,,,,
青蛙超感流线促销装938,光明酸奶980g,,,,,,,,,,,,,,,,,,,,,,,
红提（一级）,芋艿（一级）,带豆（一级）,青菜（一级）,小葱（一级）,兰州包心菜（一级）,金针菇（一级）,国产香蕉（一级）,加碘精制盐400克,花蛤,,,,,,,,,,,,,,,
杏包菇（一级）,带鱼200-300,,,,,,,,,,,,,,,,,,,,,,,
散装三牛奶油椒盐酥曲奇饼干,枪手无烟蚊香绿茶香10单盘装（150g,白砂糖(散),,,,,,,,,,,,,,,,,,,,,,
小葱（一级）,国产香蕉（一级）,,,,,,,,,,,,,,,,,,,,,,,
高露洁超感白牙膏165克,,,,,,,,,,,,,,,,,,,,,,,,
中汇东北大米15kg,,,,,,,,,,,,,,,,,,,,,,,,
智高粘纸专用胶水ZG-8604A(50ml),,,,,,,,,,,,,,,,,,,,,,,,
喜拖拖吹气男拖9020,小葱（一级）,,,,,,,,,,,,,,,,,,,,,,,
南瓜（一级）,苦瓜（一级）,小葱（一级）,洋葱头（一级）,紫甘薯（一级）,,,,,,,,,,,,,,,,,,,,
小葱（一级）,白砂糖(散),,,,,,,,,,,,,,,,,,,,,,,
雪健家庭用小麦粉2.5kg,苦瓜（一级）,带豆（一级）,黑茄（一级）,,,,,,,,,,,,,,,,,,,,,
白砂糖(散),白砂糖(散),白砂糖(散),,,,,,,,,,,,,,,,,,,,,,
洁柔JJ056卷纸卫生纸10卷装,国产香蕉（一级）,古越龙山三年陈加饭酒640ML,摩卡3合1咖啡巴西山多士口味15g*(1,摩卡皇家奶茶固体饮料150g,摩卡咖啡上选口味3合1随身包150g,咸亨糟方腐乳500克,,,,,,,,,,,,,,,,,,
鲜鸡蛋,莲子(一级),,,,,,,,,,,,,,,,,,,,,,,
蒙牛未来星儿童肠胃成长牛奶125ml*,白砂糖(散),广中皇老牌腐乳皇辣腐乳328g,,,,,,,,,,,,,,,,,,,,,,
大葱（一级）,裙带菜,,,,,,,,,,,,,,,,,,,,,,,
鲜鸡蛋,,,,,,,,,,,,,,,,,,,,,,,,
多果仙芝麻酱300克,光明轻巧包酸牛奶180g,海天特级一品鲜酱油500ml,塑料购物袋(大),光明轻巧包红枣酸牛奶180g,光明轻巧包黑加仑酸牛奶180g,双汇金双汇特级火腿肠75g,,,,,,,,,,,,,,,,,,
会稽山东风糟烧42度2.5L,妙洁点断式保鲜袋中号,,,,,,,,,,,,,,,,,,,,,,,
咸亨麻油腐乳300克,苦瓜（一级）,,,,,,,,,,,,,,,,,,,,,,,
青菜（一级）,散装新乐福排骨梳打发酵饼干,散装东北大米(三江购物),,,,,,,,,,,,,,,,,,,,,,
丝瓜（一级）,黑茄（三级）,冬瓜（一级）,带豆（三级）,小葱（一级）,三江购物大豆油5L,香软粳米(散装),,,,,,,,,,,,,,,,,,
尖椒（一级）,大葱（一级）,清美素香糕(散),红提（一级）,清美精制小素肠(散),小葱（一级）,长瓜（一级）,玉米片(散),西红柿（一级）,洋葱头（一级）,金针菇（一级）,均瑶味动力发酵型乳酸菌饮品原味10,,,,,,,,,,,,,
雕牌高级洗衣皂102g*6,亲友枸杞王220g,青瓜子,,,,,,,,,,,,,,,,,,,,,,
塞翁福玉米片250g,塞翁福赤豆400g,宫川杂粮面840g,亲友八宝粥料360g,云楼海宁冬菜200g,,,,,,,,,,,,,,,,,,,,
三江购物大豆油5L,,,,,,,,,,,,,,,,,,,,,,,,
安儿乐纸尿裤M712N/12片,曼妥思草莓苹果树莓无糖口香糖29克,亨氏香橙磨牙棒2段64g,,,,,,,,,,,,,,,,,,,,,,
多晶冰糖(散),冬瓜（一级）,,,,,,,,,,,,,,,,,,,,,,,
牛头牌玻璃清洁剂500g+40g,佳洁士草本水晶清爽薄荷牙膏105克,,,,,,,,,,,,,,,,,,,,,,,
丝瓜（一级）,芋艿（一级）,紫甘薯（一级）,冬瓜（一级）,大黄鱼条,,,,,,,,,,,,,,,,,,,,
康师傅红烧牛肉面桶装105克,蒙牛酸酸乳乳饮料(原味)250ml,双汇泡面拍档香肠30g*9,乐爷地瓜薄饼238克,农夫山泉普装饮用水550ML,塑料购物袋(大),嘉顿BB熊饼干鸡蛋味100克,达利园熊字饼115克,乡巴佬麻辣翅根80g,东洋包氏香卤鸡爪28g,,,,,,,,,,,,,,,
花菜（一级）,日本南瓜（一级）,新疆红枣（一级）,大粒薏米仁(散),,,,,,,,,,,,,,,,,,,,,
芹菜（一级）,小葱（一级）,一级丰水梨,,,,,,,,,,,,,,,,,,,,,,
红富士80#（一级）,塑料购物袋(大),护舒宝超值棉柔贴身夜用卫生巾10片,白木耳(一级),新疆红枣（一级）,,,,,,,,,,,,,,,,,,,,
引发雪菜150克,,,,,,,,,,,,,,,,,,,,,,,,
散装东北大米(三江购物),三江购物大豆油5L,,,,,,,,,,,,,,,,,,,,,,,
翰丰丝苗米(籼米),加碘精制盐400克,,,,,,,,,,,,,,,,,,,,,,,
三江购物大豆油5L,,,,,,,,,,,,,,,,,,,,,,,,
奥妙净蓝全效水清莲香无磷洗衣粉56,鸡爪,,,,,,,,,,,,,,,,,,,,,,,
鲜鸡蛋,妙洁100型经济装保鲜膜30cm*30m,生姜（一级）,乌江涪陵榨菜80克,,,,,,,,,,,,,,,,,,,,,
鲜鸡蛋,蒜头（一级）,生姜（一级）,鳊鱼,塑料购物袋(大),空心菜（一级）,兰州包心菜（一级）,金针菇（一级）,洋葱头（一级）,,,,,,,,,,,,,,,,
鲜鸡蛋,鸭边腿,采诗芦荟保湿洁面乳120g,美则胜软毛牙刷995,蜂花护发素450ml,黄芩美白牙膏(薄荷香型)115g,,,,,,,,,,,,,,,,,,,
海鲜菇（一级）,新疆红枣（一级）,西红柿（一级）,绿豆,杂粮面(散),尖椒（一级）,,,,,,,,,,,,,,,,,,,
清美素香糕(散),蒙牛冠益乳草莓果粒酸奶250g,塑料购物袋(大),蒙牛优益C活菌型乳酸菌乳饮料(橙味,蒙牛优益C活菌型乳酸菌乳饮料(芦荟,云楼小菜(榨菜)180g,心相印三层抽取式纸面巾80抽*4(DT1,巨树麻油白腐乳380克,七度空间纯棉日用超薄卫生巾5片(A6,七度空间绢爽超薄日用卫生巾10片QS,云楼小菜(乳瓜)180g,好想你新郑红枣200g,七度空间少女绢爽日用超薄卫生巾5,,,,,,,,,,,,
三辉法式香奶面包散装,白砂糖(散),白砂糖(散),,,,,,,,,,,,,,,,,,,,,,
生姜（一级）,小白菜（一级）,日本南瓜（一级）,散装东北长粒香米(三江购物),,,,,,,,,,,,,,,,,,,,,
冬瓜（一级）,,,,,,,,,,,,,,,,,,,,,,,,
赤豆,灯椒（一级）,,,,,,,,,,,,,,,,,,,,,,,
翠冠梨（一级）,小葱（一级）,,,,,,,,,,,,,,,,,,,,,,,
散花菜(一级),灯椒（一级）,花蛤,塑料购物袋(大),,,,,,,,,,,,,,,,,,,,,
伊利QQ星儿童成长牛奶均衡型190ml,八宝粥料(散),,,,,,,,,,,,,,,,,,,,,,,
富华林建宁莲子350g,清美素香糕(散),清美烤夫(散),,,,,,,,,,,,,,,,,,,,,,
鲜鸡蛋,,,,,,,,,,,,,,,,,,,,,,,,
光明酸奶原味经济装100g*8,芋艿（一级）,洋葱头（一级）,土豆（一级）,鸭边腿,拥有孝感米酒(饮料型)280g,,,,,,,,,,,,,,,,,,,
小台农芒果（一级）,肉龙眼（一级）,爱斯曼黄桃果肉果杯227克,,,,,,,,,,,,,,,,,,,,,,
黑人柔丝洁软毛牙刷3支优惠装,ABC日用超极薄棉柔排湿表层卫生巾8,白猫去油高效洗洁精500克,皎洁女士研磨细丝牙刷,,,,,,,,,,,,,,,,,,,,,
雪松面巾纸450张,小白兔高级儿童牙膏50克,,,,,,,,,,,,,,,,,,,,,,,
好舒爽棉柔丝薄卫生护垫40片HD8140,云南白药牙膏(薄荷清爽型)65克,黑人超白矿物盐牙膏90g,,,,,,,,,,,,,,,,,,,,,,
三全麦香早点奶香馒头1.36kg,,,,,,,,,,,,,,,,,,,,,,,,
三江购物大豆油5L,,,,,,,,,,,,,,,,,,,,,,,,
美丹无蔗糖白苏打饼干鲜葱味450克,太子乐中老年奶粉400g(16*25g),鲜鸡蛋,绿豆,百合（一级）,,,,,,,,,,,,,,,,,,,,
龙士达长方四组弧形铁丝挂钩L-5001,,,,,,,,,,,,,,,,,,,,,,,,
一级丰水梨,青苹果（一级）,,,,,,,,,,,,,,,,,,,,,,,
白木耳(一级),老州山生虾皮,,,,,,,,,,,,,,,,,,,,,,,
香软粳米(散装),,,,,,,,,,,,,,,,,,,,,,,,
中华魔丽迅白牙膏冰极薄荷型100g,,,,,,,,,,,,,,,,,,,,,,,,
百野轩虾米味有机紫菜汤72g,白木耳(一级),五丰玉米刀切450g,鲜鸡蛋,滨崎果汁软糖水蜜桃味105克,蒙牛酸牛奶(原味)100g*8,塑料购物袋(大),光明e+益生菌酸牛奶(原味)125g,乌江牌鲜香菜丝80克,三丰可味香辣菜60克,川南酸辣海带丝62g,丰之味梅菜笋丝(清香味)80克,云楼高菜笋丝80g,云楼小菜(榨菜)180g,云楼小菜(乳瓜)180g,乌江涪陵榨菜鲜爽菜丝80克,绵白糖(散),,,,,,,,
双汇泡面拍档香肠30g*9,大白菜（一级）,鲜鸡蛋,,,,,,,,,,,,,,,,,,,,,,
能及厨微波炉三件套碗8407,乐美汇食品级高圆保鲜盒(S-HR06)2.,紫甘薯（一级）,鲜鸡蛋,农夫“尖叫”纤维饮料550ml,,,,,,,,,,,,,,,,,,,,
国产香蕉（一级）,,,,,,,,,,,,,,,,,,,,,,,,
白木耳(一级),苦瓜（一级）,木耳菜（一级）,,,,,,,,,,,,,,,,,,,,,,
白木耳(一级),大粒薏米仁(散),佳洁士防蛀晶莹薄荷牙膏200g*2送迪,美则胜软毛牙刷(二支)202,云楼榨菜丝268g,,,,,,,,,,,,,,,,,,,,
旺旺浪味仙番茄口味创意花式薯卷70,洁成浴帽（精巧型）10g,盼盼麦香鸡味块105克,上好佳草莓味粟米条40g,奇多番茄牛肉味粟米棒60克,明治欣欣杯草莓味50克,一级青提,塑料购物袋(大),,,,,,,,,,,,,,,,,
甬尚香无盐味精900g,兰州包心菜（一级）,小葱（一级）,白砂糖(散),清美日式禅素鸡250g,,,,,,,,,,,,,,,,,,,,
海鲜菇（一级）,芦笋（一级）,奥迪铠甲勇士刑天侠561011,蓝鹰大富翁游乐园拼图NO.XD611,好丽友熊猫派草莓牛奶注心蛋糕250,,,,,,,,,,,,,,,,,,,,
土豆（一级）,鹌鹑蛋,乡村鸡蛋,塑料购物袋(大),,,,,,,,,,,,,,,,,,,,,
白木耳(一级),太太乐99度晶体味精1kg,塑料购物袋(大),坛坛香精致剁辣椒425克,白木耳(一级),莲子(一级),莲子(一级),赤豆,多晶冰糖(散),,,,,,,,,,,,,,,,
均瑶味动力发酵型乳酸菌饮品原味10,光明酸牛奶(红枣味)180g,塑料购物袋(大),光明酸牛奶(红枣味)100g*8,,,,,,,,,,,,,,,,,,,,,
双塔红薯圈粉(散),塑料购物袋(大),鲜鸡蛋,花蛤,带鱼200-300,清美高房内酯豆腐350g,,,,,,,,,,,,,,,,,,,
三江购物大豆油5L,小葱（一级）,,,,,,,,,,,,,,,,,,,,,,,
立白易漂洗无磷洗衣粉1.03千克,广博咕咕鸟削笔机XBQ9743,,,,,,,,,,,,,,,,,,,,,,,
慧吉净香漂水去污粉500g,咸亨辣味腐乳300克,,,,,,,,,,,,,,,,,,,,,,,
三江购物大豆油5L,,,,,,,,,,,,,,,,,,,,,,,,
金龙鱼第二代调和油1.8L,花蛤,塑料购物袋(大),,,,,,,,,,,,,,,,,,,,,,
乐美汇食品级正方形保鲜盒(S-S09)1,,,,,,,,,,,,,,,,,,,,,,,,
兰州包心菜（一级）,香软粳米(散装),益民料酒350ml,金钟大红米醋袋装355ml,海天红烧王酱油350ml,,,,,,,,,,,,,,,,,,,,
黑米,,,,,,,,,,,,,,,,,,,,,,,,
红苋菜（一级）,鲜鸡蛋,,,,,,,,,,,,,,,,,,,,,,,
三江购物大豆油5L,,,,,,,,,,,,,,,,,,,,,,,,
多晶冰糖(散),白砂糖(散),,,,,,,,,,,,,,,,,,,,,,,
六神清凉香皂(甘草+绿茶)125g,,,,,,,,,,,,,,,,,,,,,,,,
蒙牛特仑苏纯牛奶250ml*12,福海堂薄荷叶(散),福海堂茉莉花(散),白木耳(一级),绿豆,莲子(一级),福海堂玫瑰花(散),,,,,,,,,,,,,,,,,,
三江购物大豆油5L,翰丰丝苗米(籼米),,,,,,,,,,,,,,,,,,,,,,,
百合（一级）,小葱（一级）,白砂糖(散),鲜鸡蛋,亲友阿胶枣228g,四美辣椒300克,三江购物精制拉面350g*2,,,,,,,,,,,,,,,,,,
梅豆（一级）,小葱（一级）,红萝卜（一级）,,,,,,,,,,,,,,,,,,,,,,
南瓜（一级）,南瓜（一级）,塑料购物袋(大),,,,,,,,,,,,,,,,,,,,,,
放养鸭蛋,鳊鱼,德芙脆香米脆米心牛奶巧克力48克,丝瓜（一级）,大葱（一级）,百合（一级）,紫甘薯（一级）,苦瓜（一级）,汤师傅无沙紫菜60克,杏包菇（一级）,尖椒（一级）,裙带菜,加碘精制盐400克,三江购物竹弯勺02-109(30cm),,,,,,,,,,,
带鱼200-300,坛坛香精致剁辣椒425克,鲜鸡蛋,海天特级味极鲜酱油500ml,金钟大红米醋袋装355ml,海天黄豆酱油350ml,海天红烧王酱油350ml,,,,,,,,,,,,,,,,,,
三江购物大豆油5L,,,,,,,,,,,,,,,,,,,,,,,,
三江购物大豆油5L,,,,,,,,,,,,,,,,,,,,,,,,
金针菇（一级）,紫甘薯（一级）,康师傅冰红茶1L,兰州包心菜（一级）,香约原味奶茶72克,,,,,,,,,,,,,,,,,,,,
小米(散),燕麦仁(散),亲友黑芝麻200g,富华林荞麦450g,,,,,,,,,,,,,,,,,,,,,
元宝牌优质特精小麦粉5kg,鲜鸡蛋,大葱（一级）,芹菜（一级）,塑料购物袋(大),小白菜（一级）,小白菜（一级）,,,,,,,,,,,,,,,,,,
光明酸奶980g,,,,,,,,,,,,,,,,,,,,,,,,
洁柔布艺软抽200抽*3,洁柔JJ056卷纸卫生纸10卷装,雕牌全效加浓洗洁精1.5kg,超能棕榈活性去渍透明皂260g*2,榄菊蚊香大盘装（檀香型）310g,塑料购物袋(大),,,,,,,,,,,,,,,,,,,
光明轻巧包黑加仑酸牛奶180g,光明轻巧包红枣酸牛奶180g,虹一港式风味烤小鸡腿30克,,,,,,,,,,,,,,,,,,,,,,
香哆哆香辣花生原味100克,雪缘生活卫生纸450g,,,,,,,,,,,,,,,,,,,,,,,
花蛤,藤稔葡萄（打折）,,,,,,,,,,,,,,,,,,,,,,,
今麦郎手打拉面200克,,,,,,,,,,,,,,,,,,,,,,,,
鲜鸡蛋,新疆红枣（一级）,,,,,,,,,,,,,,,,,,,,,,,
百顺深色缎档提花绣花毛巾1701(34*,东北梧桐米10kg,,,,,,,,,,,,,,,,,,,,,,,
兰州包心菜（一级）,,,,,,,,,,,,,,,,,,,,,,,,
凯旋溜溜绿茶梅(蜜饯)60g,动心一族茶梅105克,星福益“呀”日式乐Q梅60g,淘大醇香米醋500ml,,,,,,,,,,,,,,,,,,,,,
小白菜（一级）,蒙牛益生菌酸牛奶(原味)1.2kg,,,,,,,,,,,,,,,,,,,,,,,
鲜鸡蛋,,,,,,,,,,,,,,,,,,,,,,,,
鸡蛋（碎1）,,,,,,,,,,,,,,,,,,,,,,,,
亿威特熊头杂物桶YWT-4412-X,家来纳制冰袋10片装(37*17cm),优美家方粒冰格FC-9011,塑料购物袋(大),,,,,,,,,,,,,,,,,,,,,
南瓜（一级）,鲜鸡蛋,,,,,,,,,,,,,,,,,,,,,,,
永亮律动空间毛巾M0288(34*75cm),洁玉英伦风尚毛巾JY-9013F(34*74cm,,,,,,,,,,,,,,,,,,,,,,,
西梅（一级）,小台农芒果（一级）,荷兰青瓜（一级）,,,,,,,,,,,,,,,,,,,,,,
奥麦康乌梅200克,华味亨珍珠梅180克,,,,,,,,,,,,,,,,,,,,,,,
喵趣成猫猫粮海洋鱼味1.5kg,,,,,,,,,,,,,,,,,,,,,,,,
奇多干杯脆美式火鸡味粟米粒25克,乐源魔冰蜜桃汁饮料380ml,光明e+益生菌酸牛奶原味190g,,,,,,,,,,,,,,,,,,,,,,
今麦郎手打拉面200克,今麦郎手打鸡蛋面200克,塑料购物袋(大),乐事波谷脆椒盐坚果味70克,鲜鸡蛋,华味亨精选杏仁108克,乌江牌鲜香菜丝80克,,,,,,,,,,,,,,,,,,
心相印手帕纸W112/9包装,英雄可水洗水彩笔24色8009-24,黄芽菜（一级）,星燎原图书6,塑料购物袋(大),,,,,,,,,,,,,,,,,,,,
M&M`S牛奶巧克力豆100g,源口椰汁黄金糕300g,湾仔码头北国香酱香肉三鲜水饺702g,新康泰克草本润喉软糖喉爽柠檬味20,光明纯鲜牛奶1.5L,鲁花葵花仁油5L,金健东北三江清香稻米5kg,义茂拉面500g,塑料购物袋(大),,,,,,,,,,,,,,,,
康师傅红烧牛肉面100克*5包,,,,,,,,,,,,,,,,,,,,,,,,
兰州包心菜（一级）,灯椒（一级）,国产香蕉（一级）,,,,,,,,,,,,,,,,,,,,,,
国产香蕉（一级）,一级巨峰葡萄,灯椒（一级）,,,,,,,,,,,,,,,,,,,,,,
冷冻野生小黄鱼10-12,可扬野生紫菜12g,统一卤肉拌面卤香牛肉味110克,亚达汤料(排骨味紫菜汤)72g,鲜鸡蛋,,,,,,,,,,,,,,,,,,,,
对虾,小葱（一级）,蒜头（一级）,,,,,,,,,,,,,,,,,,,,,,
水溶C100西柚汁饮料445ml,塑料购物袋(大),零度可口可乐汽水拉罐(无糖)330ml,芬达橙味汽水330ml,光明纯鲜牛奶1.5L,洁身妙浴搓泥200ml,雪碧清爽柠檬味汽水330ml,,,,,,,,,,,,,,,,,,
裙带菜,,,,,,,,,,,,,,,,,,,,,,,,
芬达橙味汽水500ml,,,,,,,,,,,,,,,,,,,,,,,,
维维维他型豆奶粉560克,红富士80#（一级）,民益糕饼系列(散),塑料购物袋(大),,,,,,,,,,,,,,,,,,,,,
大葱（一级）,韭菜（一级）,黑茄（一级）,,,,,,,,,,,,,,,,,,,,,,
芹菜（一级）,鲈鱼（三级）,,,,,,,,,,,,,,,,,,,,,,,
三江购物大豆油5L,鲜鸡蛋,阿尔卑斯溢巧纯心夹心太妃糖33.5克,,,,,,,,,,,,,,,,,,,,,,
对虾,黄花菜（一级）,香菇干(一级),白砂糖(散),塑料购物袋(大),,,,,,,,,,,,,,,,,,,,
鲜鸡蛋,香软粳米(散装),,,,,,,,,,,,,,,,,,,,,,,
散装东北长粒香米(三江购物),花蛤,,,,,,,,,,,,,,,,,,,,,,,
三江购物大豆油5L,,,,,,,,,,,,,,,,,,,,,,,,
康师傅酸菜牛肉面118g*5包,富华林红糖400g,,,,,,,,,,,,,,,,,,,,,,,
散装东北长粒香米(三江购物),,,,,,,,,,,,,,,,,,,,,,,,
三全麦香早点奶香馒头1.36kg,蒜头（一级）,,,,,,,,,,,,,,,,,,,,,,,
白砂糖(散),,,,,,,,,,,,,,,,,,,,,,,,
塑料购物袋(大),,,,,,,,,,,,,,,,,,,,,,,,
卫康钢丝球WK-0824,,,,,,,,,,,,,,,,,,,,,,,,
可扬日式紫菜28g,,,,,,,,,,,,,,,,,,,,,,,,
嘎啦(一级),,,,,,,,,,,,,,,,,,,,,,,,
鲜鸡蛋,国产香蕉（一级）,带鱼200-300,南瓜（一级）,,,,,,,,,,,,,,,,,,,,,
鲁王特精粉2.5kg,,,,,,,,,,,,,,,,,,,,,,,,
法克曼三角碗碟夹14306,紫甘薯（一级）,日本南瓜（一级）,一级水蜜桃,,,,,,,,,,,,,,,,,,,,,
古越龙山陈年烧酒42度2.5L,郑万利特制糟烧白酒40度5L,,,,,,,,,,,,,,,,,,,,,,,
国产香蕉（一级）,紫甘薯（一级）,桃形李（一级）,民益糕饼系列(散),塑料购物袋(大),,,,,,,,,,,,,,,,,,,,
喜之郎果冻爽香橙味150克,绿豆,花蛤,,,,,,,,,,,,,,,,,,,,,,
白砂糖(散),,,,,,,,,,,,,,,,,,,,,,,,
灯椒（一级）,鲜鸡蛋,明润皱纹卫生纸500克,塑料购物袋(大),立白新金桔洗洁精500克,大葱（一级）,心相印优选纸手帕(C2010)10片装,紫甘薯（一级）,双汇鸡肉肠40克*10袋装,散装糯米,,,,,,,,,,,,,,,
香软粳米(散装),兰州包心菜（一级）,,,,,,,,,,,,,,,,,,,,,,,
白砂糖(散),贝蒂妙厨妙脆角美式茄汁40克,乐事清新清爽黄瓜味薯片45g,清美素香糕(散),旺旺仙贝家庭包400克,鲜一族鹌鹑蛋五香味100克,,,,,,,,,,,,,,,,,,,
康师傅红烧牛肉袋面100克,康师傅红烧牛肉面大食袋124克*5包,康师傅酸菜牛肉桶面122克,,,,,,,,,,,,,,,,,,,,,,
白砂糖(散),,,,,,,,,,,,,,,,,,,,,,,,
三江购物大豆油5L,,,,,,,,,,,,,,,,,,,,,,,,
苦瓜（一级）,,,,,,,,,,,,,,,,,,,,,,,,
可口可乐汽水2.3L,雪碧汽水2.3L,,,,,,,,,,,,,,,,,,,,,,,
圣茗香鹌鹑蛋45克,奥妙水清莲香超效增白皂226克,,,,,,,,,,,,,,,,,,,,,,,
云南白药牙膏(薄荷清爽型)65克,佳洁士珍珠盐白牙膏(柠檬清新）140,富华林宁夏枸杞150g,三江购物莲子250g,香约五谷农场玉米豆奶24克,艾兰得VC含片无糖型草莓味0.65g*10,,,,,,,,,,,,,,,,,,,
兰州包心菜（一级）,光明酸奶原味经济装100g*8,带鱼200-300,,,,,,,,,,,,,,,,,,,,,,
六神清凉香皂（绿茶精华）90g,,,,,,,,,,,,,,,,,,,,,,,,
嘎嘎鸭蛋(碎),,,,,,,,,,,,,,,,,,,,,,,,
塑料购物袋(大),,,,,,,,,,,,,,,,,,,,,,,,
韭菜（一级）,本地鲜鸡蛋,海鲜菇（一级）,兰州包心菜（一级）,塑料购物袋(大),,,,,,,,,,,,,,,,,,,,
红富士80#（一级）,红富士80#（一级）,,,,,,,,,,,,,,,,,,,,,,,
翰丰丝苗米(籼米),翰丰丝苗米(籼米),福有菜籽油5L,,,,,,,,,,,,,,,,,,,,,,
翠冠梨（一级）,,,,,,,,,,,,,,,,,,,,,,,,
今麦郎手打拉面200克,顶味面の伴侣台湾卤肉酱120克,,,,,,,,,,,,,,,,,,,,,,,
兰州包心菜（一级）,丝瓜（一级）,西红柿（一级）,,,,,,,,,,,,,,,,,,,,,,
夏黑葡萄(一级),夏黑葡萄(一级),,,,,,,,,,,,,,,,,,,,,,,
雪梨（打折）,圣茗香鹌鹑蛋45克,丝瓜（一级）,,,,,,,,,,,,,,,,,,,,,,
藤稔葡萄（打折）,白砂糖(散),,,,,,,,,,,,,,,,,,,,,,,
丝瓜（三级）,带鱼200-300,,,,,,,,,,,,,,,,,,,,,,,
生姜（一级）,冬瓜（一级）,双熊猫抽取式绉纹卫生纸300张,,,,,,,,,,,,,,,,,,,,,,
三江购物大豆油5L,白砂糖(散),白木耳(一级),塞翁福陕北红枣650g,雪缘生活卫生纸450g,娃哈哈纯净水596ML,,,,,,,,,,,,,,,,,,,
冬瓜（一级）,,,,,,,,,,,,,,,,,,,,,,,,
翠冠梨（一级）,城隍潭孝感米酒300g,国产香蕉（一级）,,,,,,,,,,,,,,,,,,,,,,
P汰渍全效360°高浓度洗衣液2kg,三全麦香早点奶香馒头1.36kg,,,,,,,,,,,,,,,,,,,,,,,
韭菜（一级）,鲜鸡蛋,,,,,,,,,,,,,,,,,,,,,,,
雪碧汽水2.3L,一级青提,,,,,,,,,,,,,,,,,,,,,,,
鸭边腿,鸭爪,鸡爪,,,,,,,,,,,,,,,,,,,,,,
三全麦香早点奶香馒头1.36kg,,,,,,,,,,,,,,,,,,,,,,,,
尖椒（三级）,兰州包心菜（一级）,,,,,,,,,,,,,,,,,,,,,,,
小葱（一级）,火龙果（一级）,三江购物大豆油5L,,,,,,,,,,,,,,,,,,,,,,
花蛤,,,,,,,,,,,,,,,,,,,,,,,,
一级青提,,,,,,,,,,,,,,,,,,,,,,,,
散装东北大米(三江购物),,,,,,,,,,,,,,,,,,,,,,,,
三全麦香早点奶香馒头1.36kg,带鱼200-300,丝瓜（一级）,塑料购物袋(大),,,,,,,,,,,,,,,,,,,,,
雪缘生活卫生纸450g,丝瓜（一级）,韭菜（一级）,,,,,,,,,,,,,,,,,,,,,,
鲜鸡蛋,海带结,西葫芦（一级）,光明酸奶原味经济装100g*8,,,,,,,,,,,,,,,,,,,,,
佳洁士防蛀修护牙膏(清新青柠香型),六神花露水大号195ml,乡下妹古制去皮榨菜88克,清美素香糕(散),二叶花牛皮低跟女凉拖鞋8170(37#),,,,,,,,,,,,,,,,,,,,
上好佳荷兰豆55g,串屋开心仔棉花糖40克,萨啦咪1+1小鸡腿28克,萨拉咪琵琶翅28克,祖名豆腐卷五香味100克,,,,,,,,,,,,,,,,,,,,
丝瓜（三级）,苦瓜（一级）,带豆（一级）,芋艿（一级）,咸亨麻油腐乳300克,,,,,,,,,,,,,,,,,,,,
盼盼番茄味薯片(家庭装)138克,上好佳番茄口味田园薯片50克,娃哈哈AD钙奶饮料100ml*6,,,,,,,,,,,,,,,,,,,,,,
六神花露水大号195ml,衢州熊猫卫生纸袋装400克,,,,,,,,,,,,,,,,,,,,,,,
双汇午餐火腿500g,蒙牛酸牛奶(原味)100g*8,散装东北大米(三江购物),塑料购物袋(大),,,,,,,,,,,,,,,,,,,,,
海鲜菇（一级）,梅豆（一级）,带鱼200-300,元宝牌大豆油5L,,,,,,,,,,,,,,,,,,,,,
三珍斋多油咸鸭蛋390g(65g*6),童子鸡,,,,,,,,,,,,,,,,,,,,,,,
欣荣行笋丝雪菜150g,云楼雪菜笋丝200g,食上川府豆干散装,,,,,,,,,,,,,,,,,,,,,,
士力架花生夹心巧克力55克,金龙鱼第二代调和油5L,,,,,,,,,,,,,,,,,,,,,,,
领航者玻璃水1.8L,,,,,,,,,,,,,,,,,,,,,,,,
散装新乐福排骨梳打发酵饼干,三全麦香早点奶香馒头1.36kg,散装徐福记糕饼系列,西红柿（一级）,带鱼200-300,,,,,,,,,,,,,,,,,,,,
良厨儿童早餐小笼煎包400g,塑料购物袋(大),,,,,,,,,,,,,,,,,,,,,,,
超能天然皂粉1600g,三江购物洗衣皂238克*2,,,,,,,,,,,,,,,,,,,,,,,
三江购物大豆油5L,半片鸭,三全麦香早点奶香馒头1.36kg,鸭爪,德芙巧丝轻柔夹心威化巧克力22.5g,蒙牛大果粒葡萄+苹果酸奶260g,康师傅酸菜牛肉面118g*5包,塑料购物袋(大),中汇东北大米15kg,白砂糖(散),,,,,,,,,,,,,,,
爱得利PP自动奶瓶吸管F65(L),爱得利初生宝宝专用奶嘴B20,,,,,,,,,,,,,,,,,,,,,,,
泥皮蛋(个),蒙牛优益C活菌型乳酸菌乳饮料(芦荟,鸡翅根(特等),河鲫鱼,绿箭无糖薄荷糖留兰香薄荷味23.8克,绿箭无糖薄荷糖茉莉花茶味23.8克,益达至尊草本精华无糖口香糖56克,彩虹原果味果汁糖120克大瓶装,肯的乐玩具糖果7克水果糖(汽水糖),塑料购物袋(大),,,,,,,,,,,,,,,
一级丰水梨,,,,,,,,,,,,,,,,,,,,,,,,
光明轻巧包黑加仑酸牛奶180g,三全麦香早点奶香馒头1.36kg,,,,,,,,,,,,,,,,,,,,,,,
益达木糖醇无糖口香糖香浓蜜瓜味56,,,,,,,,,,,,,,,,,,,,,,,,
民益糕饼系列(散),民益珍堡蛋糕系列,,,,,,,,,,,,,,,,,,,,,,,
国产香蕉（一级）,鲜鸡蛋,,,,,,,,,,,,,,,,,,,,,,,
农夫山泉普装饮用水550ML,悦活芒果U格乳酸菌果汁饮品350ml,喜之郎果冻爽香橙味150克,娃哈哈锌爽歪歪营养酸奶饮品125g*4,卡夫趣多多巧克力味软式小饼50克,散装新乐福排骨梳打发酵饼干,明治欣欣杯草莓味50克,塑料购物袋(大),,,,,,,,,,,,,,,,,
三江购物大豆油5L,,,,,,,,,,,,,,,,,,,,,,,,
三江购物大豆油5L,,,,,,,,,,,,,,,,,,,,,,,,
新华四格条纹调味盒XH-711,,,,,,,,,,,,,,,,,,,,,,,,
三江购物大豆油5L,,,,,,,,,,,,,,,,,,,,,,,,
光明酸牛奶饮品利乐枕(原味)243ml,,,,,,,,,,,,,,,,,,,,,,,,
伊利牧场香浓布丁雪糕80g,,,,,,,,,,,,,,,,,,,,,,,,
红提（一级）,老州山生虾皮,蒜头（一级）,生姜（一级）,花蛤,塑料购物袋(大),,,,,,,,,,,,,,,,,,,
天龙多功能电蚊拍A18,散装金丝猴糖果高价位系列,,,,,,,,,,,,,,,,,,,,,,,
白砂糖(散),绿豆,,,,,,,,,,,,,,,,,,,,,,,
小白菜（一级）,,,,,,,,,,,,,,,,,,,,,,,,
单晶冰糖(散),小红豆,绿豆,白木耳(一级),塑料购物袋(大),白砂糖(散),亲友沧州红枣680g,川南麻辣萝卜干62g,汇林萧山萝卜干特惠装225克,,,,,,,,,,,,,,,,
三江购物大豆油5L,香软粳米(散装),,,,,,,,,,,,,,,,,,,,,,,
白砂糖(散),,,,,,,,,,,,,,,,,,,,,,,,
散装糯米,三珍斋多油咸鸭蛋390g(65g*6),,,,,,,,,,,,,,,,,,,,,,,
三江购物大豆油5L,,,,,,,,,,,,,,,,,,,,,,,,
L北欧袋鼠男休闲短裤007,,,,,,,,,,,,,,,,,,,,,,,,
白砂糖(散),白砂糖(散),白砂糖(散),,,,,,,,,,,,,,,,,,,,,,
三江购物大豆油5L,,,,,,,,,,,,,,,,,,,,,,,,
缸鸭狗宁波汤团粉500克,百钻双效泡打粉50g,国产香蕉（一级）,,,,,,,,,,,,,,,,,,,,,,
光明莫斯利安酸牛奶钻石原味190g*1,,,,,,,,,,,,,,,,,,,,,,,,
半片鸭,,,,,,,,,,,,,,,,,,,,,,,,
白砂糖(散),,,,,,,,,,,,,,,,,,,,,,,,
黄芽菜（一级）,一级丰水梨,兰州包心菜（一级）,冬瓜（一级）,塑料购物袋(大),,,,,,,,,,,,,,,,,,,,
三江购物大豆油5L,土豆（一级）,,,,,,,,,,,,,,,,,,,,,,,
南阳之星双层抽取式面巾纸200抽*8,黑木耳(一级),玉米片(散),高粱米(散),薏米仁(散),塑料购物袋(大),散装糯米,福海堂杭白菊(散),莲子(一级),红糖(散),蜜枣(散),,,,,,,,,,,,,,
市升多油咸鸭蛋42g,塑料购物袋(大),灭害灵无烟蚊香(10圈)190g,睡的香蚊香(大盘微烟檀香)165克,LED超长寿命节能夜灯自动感应型HML,,,,,,,,,,,,,,,,,,,,
绿豆,唯新特级肉松135克,天堂牌速溶西湖藕粉420克,冬梅豆浆无渣甜豆浆粉300g,,,,,,,,,,,,,,,,,,,,,
益民料酒350ml,雪涛日晒自然盐300克,生姜（一级）,萝卜（一级）,,,,,,,,,,,,,,,,,,,,,
白砂糖(散),蓝月亮亮白增艳深层洁净洗衣液薰衣,绿豆,,,,,,,,,,,,,,,,,,,,,,
舒肤佳椰油香皂125克,,,,,,,,,,,,,,,,,,,,,,,,
大粒薏米仁(散),,,,,,,,,,,,,,,,,,,,,,,,
香软粳米(散装),,,,,,,,,,,,,,,,,,,,,,,,
花蛤,,,,,,,,,,,,,,,,,,,,,,,,
塑料购物袋(大),,,,,,,,,,,,,,,,,,,,,,,,
拥有孝感米酒(饮料型)280g,,,,,,,,,,,,,,,,,,,,,,,,
蒙牛优益C活菌型乳酸菌乳饮料(芦荟,,,,,,,,,,,,,,,,,,,,,,,,
鸭边腿,红苋菜（一级）,小白菜（一级）,空心菜（一级）,,,,,,,,,,,,,,,,,,,,,
良厨小圆子250g,五桥粳米粉750克,谷塬工坊全高粱饺子粉1千克,,,,,,,,,,,,,,,,,,,,,,
三江购物大豆油5L,,,,,,,,,,,,,,,,,,,,,,,,
绿豆,小红豆,,,,,,,,,,,,,,,,,,,,,,,
散装苏微快乐锅巴日式牛排味,,,,,,,,,,,,,,,,,,,,,,,,
霸王石英钟8218AKS,,,,,,,,,,,,,,,,,,,,,,,,
冷冻目鱼仔50,,,,,,,,,,,,,,,,,,,,,,,,
味丹味精400g,,,,,,,,,,,,,,,,,,,,,,,,
大葱（一级）,蒜头（一级）,,,,,,,,,,,,,,,,,,,,,,,
金龙鱼第二代调和油5L,散装东北长粒香米(三江购物),,,,,,,,,,,,,,,,,,,,,,,
花蛤,,,,,,,,,,,,,,,,,,,,,,,,
佳洁士劲爽清新炫白牙膏120克,纸音长卷卫生纸(8011)10卷装,,,,,,,,,,,,,,,,,,,,,,,
花芸豆(散),喜乐汇工艺童鞋X-1166,贝因美婴幼儿葡萄糖罐装500克,,,,,,,,,,,,,,,,,,,,,,
三辉法式香奶面包450克,雪碧汽水2.3L,南阳之星双层抽取式面巾纸200抽*8,五丰刀切馒头450g,塑料购物袋(大),国产香蕉（一级）,蜡笔小新鲜Q水蜜桃可吸果冻150g,小台农芒果（一级）,卡夫乐之灰常椒麻鸡味土豆脆片45克,卡夫mini奥利奥夹心小饼干55克,,,,,,,,,,,,,,,
怡宝饮用纯净水350ml,塑料购物袋(大),,,,,,,,,,,,,,,,,,,,,,,
红富士80#（一级）,国产香蕉（一级）,放养鸭蛋,,,,,,,,,,,,,,,,,,,,,,
食上川府豆干散装,,,,,,,,,,,,,,,,,,,,,,,,
乌江牌鲜香菜丝80克,乌江涪陵榨菜鲜爽菜丝80克,老干妈香辣菜80克,红富士80#（一级）,旺旺QQ糖荔枝70克,旺旺QQ糖水蜜桃味70克,光明轻巧包红枣酸牛奶180g,安琪马来西亚风味腰果酥30克,安琪马来西亚风味杏仁酥30克,P佳迪沙琪玛促销装提子味140克*2,绿箭柠檬草薄荷味口香糖瓶装64克,塑料购物袋(大),,,,,,,,,,,,,
血糯粥料(散),小红豆,塑料购物袋(大),护舒宝璀璨清凉日夜组合卫生巾16片,金味营养麦片600克,小青逸婷金银花健肤沐浴露1kg,旺旺碎冰冰果味饮料葡萄味78ml,旺旺碎冰冰果味饮料柑桔味78ml,旺旺碎冰冰果味饮料桃子味78ml,旺旺碎冰冰果味饮料柠檬味78ml,,,,,,,,,,,,,,,
清凉粥料(散),绿豆,,,,,,,,,,,,,,,,,,,,,,,
民益糕饼系列(散),红提（一级）,西红柿（一级）,,,,,,,,,,,,,,,,,,,,,,
食上川府豆干散装,民益糕饼系列(散),小红豆,散装糯米,塑料购物袋(大),,,,,,,,,,,,,,,,,,,,
双灯高级平版卫生纸400张,塑料购物袋(大),,,,,,,,,,,,,,,,,,,,,,,
凯达桂花香型空气清新剂320ml,蓝月亮强力厕清（两瓶装）500g+500,卓洁双向马桶刷套装,妙洁棉线T字拖把,,,,,,,,,,,,,,,,,,,,,
清凉粥料(散),白砂糖(散),,,,,,,,,,,,,,,,,,,,,,,
心相印手帕纸W112/9包装,南阳之星双层抽取式面巾纸200抽*8,高露洁冰爽劲白防蛀牙膏(闪炫薄荷),依依天使青瓜补水卫生湿巾10片,洁柔迷你手帕纸10包JM044,塑料购物袋(大),,,,,,,,,,,,,,,,,,,
兰州包心菜（一级）,红萝卜（一级）,乐惠排骨紫菜汤72克,老干妈风味豆豉280克,太太乐芝麻油230ml,旺旺碎冰冰果味饮料草莓味78ml,旺旺碎冰冰果味饮料柑桔味78ml,旺旺碎冰冰果味饮料菠萝味78ml,旺旺碎冰冰果味饮料草莓味78ml,旺旺碎冰冰果味饮料柑桔味78ml,,,,,,,,,,,,,,,
三江购物大豆油5L,,,,,,,,,,,,,,,,,,,,,,,,
绿豆,,,,,,,,,,,,,,,,,,,,,,,,
良厨鲜肉迷你水饺250g,鲜鸡蛋,超能去渍365洗衣粉（倍净焕彩）180,妙洁100型经济装保鲜膜30cm*30m,,,,,,,,,,,,,,,,,,,,,
洋葱头（一级）,土豆（一级）,白砂糖(散),,,,,,,,,,,,,,,,,,,,,,
茂发可乐味跳跳糖18.4克,太太乐鸡精100克,绿豆,塑料购物袋(大),鳊鱼,鲜鸡蛋,鸭肫,空心菜（一级）,丝瓜（一级）,紫甘薯（一级）,,,,,,,,,,,,,,,
蒙牛酸牛奶(原味)100g*8,清美薄百叶素鸡250g,太太乐宴会特鲜酱油623ml,塑料购物袋(大),塔牌陈年绍兴加饭酒500ml,海蜇头,,,,,,,,,,,,,,,,,,,
花蛤,鲜鸡蛋,绿豆,,,,,,,,,,,,,,,,,,,,,,
楚源香米(散),,,,,,,,,,,,,,,,,,,,,,,,
蒜头（一级）,散装东北大米(三江购物),,,,,,,,,,,,,,,,,,,,,,,
三全麦香早点奶香馒头1.36kg,鲜鸡蛋,妙洁100型经济装保鲜膜30cm*30m,,,,,,,,,,,,,,,,,,,,,,
鲜鸡蛋,,,,,,,,,,,,,,,,,,,,,,,,
花蛤,大葱（一级）,兰州包心菜（一级）,,,,,,,,,,,,,,,,,,,,,,
晨露清香盒(飘香桂花)固体清香剂70,丁家宜美白保湿洁面乳100g,丁家宜美白保湿乳液100g,,,,,,,,,,,,,,,,,,,,,,
枪手杀飞虫气雾剂600毫升,南阳之星双层抽取式面巾纸200抽*8,塑料购物袋(大),白砂糖(散),,,,,,,,,,,,,,,,,,,,,
康师傅矿物质水550ml,娃哈哈纯净水596ML,香软粳米(散装),,,,,,,,,,,,,,,,,,,,,,
统一鲜橙多橙汁饮料1.25L,康师傅冰糖雪梨果汁饮品450ml,,,,,,,,,,,,,,,,,,,,,,,
西红柿（一级）,尖椒（一级）,兰州包心菜（一级）,小白菜（一级）,丝瓜（三级）,,,,,,,,,,,,,,,,,,,,
得力固体胶7102(21g),南瓜（一级）,塑料购物袋(大),芹菜（一级）,长瓜（一级）,红富士80#（一级）,,,,,,,,,,,,,,,,,,,
冬瓜（一级）,KK啤酒7度拉罐330ml,,,,,,,,,,,,,,,,,,,,,,,
PP恒康甘草瓜子168克,今麦郎手打鸡蛋面200克,塑料购物袋(大),,,,,,,,,,,,,,,,,,,,,,
三江购物营养蛋面500g,塑料购物袋(大),小红豆,小白兔高级儿童牙膏50克,光明轻巧包酸牛奶180g,光明e+益生菌酸牛奶原味190g,小狮王超软细毛牙刷(6-12)岁,百能熊兔RCN三支入免削铅笔(HB),百能免削铅笔笔芯补充卡(HB)48PCS,,,,,,,,,,,,,,,,
S柏达拉1.5寸自动扣腰带511,,,,,,,,,,,,,,,,,,,,,,,,
楚源香米(散),,,,,,,,,,,,,,,,,,,,,,,,
一级水蜜桃,滨崎蓝莓香橙草莓依拉罐糖果27g(9g,乐事劲爆百事可乐鸡味薯片75克,苏微地道蚕豆巴西烤肉味136克,大好大锡包葵瓜子225克,万事隆桂花莲子西湖速溶藕粉350克,,,,,,,,,,,,,,,,,,,
长瓜（一级）,对虾,,,,,,,,,,,,,,,,,,,,,,,
对虾,花蛤,洋葱头（一级）,,,,,,,,,,,,,,,,,,,,,,
金龙鱼第二代调和油5L,全无敌电热蚊香片(无香)120mg*30片,,,,,,,,,,,,,,,,,,,,,,,
白木耳(一级),鲜鸡蛋,三江购物保鲜膜促销装40107(30cm*5,旺旺碎冰冰果味饮料菠萝味78ml,塑料购物袋(大),旺旺碎冰冰果味饮料菠萝味78ml,,,,,,,,,,,,,,,,,,,
河鲫鱼,云楼大蒜头200g,,,,,,,,,,,,,,,,,,,,,,,
三江购物大豆油5L,鲜鸡蛋,红糖(散),花蛤,,,,,,,,,,,,,,,,,,,,,
香软粳米(散装),,,,,,,,,,,,,,,,,,,,,,,,
香软粳米(散装),多晶冰糖(散),香菇干(一级),,,,,,,,,,,,,,,,,,,,,,
海天蒸鱼豉油酿造酱油450ml,金焦牌白醋500ml,金焦牌镇江陈醋500ml,塑料购物袋(大),咸亨红玉腐乳310克,一品珍空心莲子280g,太太乐高汤精100克,大好大奶油香瓜子纸袋350克,奥妙水清莲香超效增白皂226克,姚生记特惠装原味香瓜子400g,奥妙99超效芦荟精华洗衣皂206g,奥妙99超效洗衣皂226g,,,,,,,,,,,,,
五丰玉米刀切450g,五丰麻蓉包510g,五丰鲜肉包420g,塑料购物袋(大),,,,,,,,,,,,,,,,,,,,,
光皮蛋,鸭爪,,,,,,,,,,,,,,,,,,,,,,,
生姜（一级）,,,,,,,,,,,,,,,,,,,,,,,,
康师傅酸菜牛肉面118克,塑料购物袋(大),康师傅香菇炖鸡袋面98克,康师傅江南美食东坡红烧肉袋面102,康师傅红烧牛肉袋面100克,富华林庆元香菇170g,欣和六月鲜特级酱油1L,康师傅酸菜牛肉桶面122克,,,,,,,,,,,,,,,,,
翠冠梨（一级）,花芸豆(散),咸亨辣味腐乳300克,兰州包心菜（一级）,塑料购物袋(大),长瓜（一级）,小葱（一级）,大葱（一级）,井尚美弹力素(锁色型)260ml,鲜鸡蛋,小白菜（一级）,,,,,,,,,,,,,,
良厨御点手工猪肉芹菜水饺700g,,,,,,,,,,,,,,,,,,,,,,,,
美汁源爽粒红葡萄水果饮料420ml,美汁源滑粒蜜桃桃汁饮料420ml,,,,,,,,,,,,,,,,,,,,,,,
伊利优酸乳乳饮料（蓝莓味）250ML,均瑶味动力发酵型乳酸菌饮品原味10,华味亨西梅400g,养乐多活性乳酸菌乳饮品100ml*5支,塑料购物袋(大),麦香堡夹心豆沙面包40克,卡夫TUC闲趣清咸自然原味韧性饼干4,乐事无限秘制酸汤鱼味薯片104克,好丽友蛋黄派138克,润亨红珍珠山楂片210克,恒康芝麻桃仁125克,索芙特汉方多效养护清爽去屑洗发露,,,,,,,,,,,,,
三江购物有芯卷纸10+10实惠装,,,,,,,,,,,,,,,,,,,,,,,,
老州山海蜒,养生堂清嘴草莓含片6.9克,养生堂清嘴含片绿茶味6.9克,,,,,,,,,,,,,,,,,,,,,,
一级水蜜桃,国产香蕉（一级）,,,,,,,,,,,,,,,,,,,,,,,
兴丰G1.5米软管,,,,,,,,,,,,,,,,,,,,,,,,
清凉粥料(散),清美高房内酯豆腐350g,清美素香糕(散),果汁彩虹糖筒装30克,塑料购物袋(大),,,,,,,,,,,,,,,,,,,,
绿豆,今麦郎手打鸡蛋面200克,乡下妹榨菜芯85克,,,,,,,,,,,,,,,,,,,,,,
花蛤,,,,,,,,,,,,,,,,,,,,,,,,
绿豆,半片鸭,,,,,,,,,,,,,,,,,,,,,,,
鲁王自发粉1千克,农夫山泉量贩装水550ml*12,立白芦荟洗洁精1.68kg,奥妙超效洗衣皂含芦荟精华206克*2,白砂糖(散),塑料购物袋(大),,,,,,,,,,,,,,,,,,,
绿豆,三江购物大豆油5L,,,,,,,,,,,,,,,,,,,,,,,
吉列威锋旋转双层刀片(8刀头),美汁源果粒橙橙汁饮料420ml,,,,,,,,,,,,,,,,,,,,,,,
美羊羊小不倒翁JL157204N,兰州包心菜（一级）,兰州包心菜（一级）,,,,,,,,,,,,,,,,,,,,,,
洁柔抽取式面巾纸150(3包),益民冰糖杨梅180克,娃哈哈AD钙奶饮料100ml*6,鸡翅根(特等),塑料购物袋(大),鸡爪,散装东北长粒香米(三江购物),可口可乐汽水500ml,,,,,,,,,,,,,,,,,
双鹿1号高性能低汞铁壳电池R20S二,,,,,,,,,,,,,,,,,,,,,,,,
无籽西瓜（一级）,,,,,,,,,,,,,,,,,,,,,,,,
蓝月亮漂渍液（清新百合花香）600g,,,,,,,,,,,,,,,,,,,,,,,,
兰州包心菜（一级）,多晶冰糖(散),黑木耳(一级),鸭肫,海天特级味极鲜酱油500ml,雷达杀虫气雾剂无香型600ml,,,,,,,,,,,,,,,,,,,
小白菜（一级）,,,,,,,,,,,,,,,,,,,,,,,,
大好大水煮花生香辣牛肉味255克,华味亨多味瓜子仁227g,爱尚非蛋糕草莓味160克,塑料购物袋(大),旺旺小小酥原味30克,娃哈哈纯净水596ML,,,,,,,,,,,,,,,,,,,
爱斯曼黄桃果肉果杯227克,梅林午餐肉198克,佳倍龙须面375克*2,,,,,,,,,,,,,,,,,,,,,,
生姜（一级）,散装东北长粒香米(三江购物),,,,,,,,,,,,,,,,,,,,,,,
三江购物大豆油5L,,,,,,,,,,,,,,,,,,,,,,,,
绿豆,,,,,,,,,,,,,,,,,,,,,,,,
蒙牛酸牛奶(原味)100g*8,,,,,,,,,,,,,,,,,,,,,,,,
盛威迪士牛皮男沙滩鞋8903(42#),,,,,,,,,,,,,,,,,,,,,,,,
一级丰水梨,,,,,,,,,,,,,,,,,,,,,,,,
多晶冰糖(散),康师傅酸辣牛肉面111克*5包,维纳斯蛇胆牛黄花露水195ml,双汇泡面拍档香肠30g*9,兰州包心菜（一级）,,,,,,,,,,,,,,,,,,,,
佳洁士草本水晶清爽薄荷牙膏105克,妮维雅净油控痘洁面乳100g,塑料购物袋(大),,,,,,,,,,,,,,,,,,,,,,
鲜鸡蛋,小白菜（一级）,,,,,,,,,,,,,,,,,,,,,,,
强生婴儿热痱粉听装140克,,,,,,,,,,,,,,,,,,,,,,,,
芹菜（一级）,兰州包心菜（一级）,雅片鱼头100-300,,,,,,,,,,,,,,,,,,,,,,
惠尔康谷粒谷力黑芝麻浓浆250ml,惠尔康谷粒谷力玉米浓浆谷物饮料25,惠尔康谷粒谷力燕麦浆饮品250毫升,迪斯尼桃酥饼干100克,塑料购物袋(大),三江购物断点式保鲜袋小号20cm*30c,小宝贝小方巾(亲亲我的宝贝)(X085),迪斯尼牛奶味夹心饼干100克,安琪马来西亚风味花生酥30克,安琪马来西亚风味腰果酥30克,,,,,,,,,,,,,,,
康师傅红烧牛肉面100克*5包,蒙牛特仑苏低脂奶250ml*12,红提（一级）,,,,,,,,,,,,,,,,,,,,,,
百事可乐2L+美年达橙味汽水2L搭扣,丝宝宝花椒50克,尖椒（一级）,,,,,,,,,,,,,,,,,,,,,,
长粒香糯米(散),塑料购物袋(大),高露洁360健洁牙膏200g+美白牙膏70,榄菊蚊香大盘装（高级型）310g,双汇午餐火腿500g,统一鲜橙多2L+冰红茶柠檬味2L搭扣,蓝贝菠萝啤饮料330ml,,,,,,,,,,,,,,,,,,
蒙牛未来星儿童牛奶智慧型190ml*15,,,,,,,,,,,,,,,,,,,,,,,,
正章高级防水多功能鞋油(无色)33.5,万隆带柄高级鞋刷WS-417,奔腾电动剃须刀PQ7352,塑料购物袋(大),,,,,,,,,,,,,,,,,,,,,
好丽友木糖醇口香糖热带水果味101,光明畅优优酪乳发酵乳(草莓味)100g,光明畅优优酪乳发酵乳(原味)800g（,塑料购物袋(大),,,,,,,,,,,,,,,,,,,,,
可比克番茄薯片60克,老干爹牛肉末豆豉油辣椒210g,众人之力原味肉松蛋卷240克,可比克原味薯片60克,祖名臭豆腐炭烧味100克,如果他夹心棒棒糖18g,,,,,,,,,,,,,,,,,,,
旺旺碎冰冰果味饮料菠萝味78ml,旺旺碎冰冰果味饮料柑桔味78ml,,,,,,,,,,,,,,,,,,,,,,,
红糖(散),红皮花生米（一级）,薏米仁(散),,,,,,,,,,,,,,,,,,,,,,
奥丽颜牛奶美白嫩肤沐浴露2.008L,喜之郎什锦果肉果冻200克,美则胜软毛牙刷(二支)202,,,,,,,,,,,,,,,,,,,,,,
三和扬州糟方腐乳500克,,,,,,,,,,,,,,,,,,,,,,,,
娃哈哈营养快线牛奶果昔饮品原味50,旺仔牛奶灭菌调味牛乳145ml,美年达汽水2.5L,,,,,,,,,,,,,,,,,,,,,,
拥有孝感米酒(饮料型)280g,,,,,,,,,,,,,,,,,,,,,,,,
花蛤,,,,,,,,,,,,,,,,,,,,,,,,
妙洁PE保鲜膜经济装20cm*20m,散装东北长粒香米(三江购物),世家小号点断式保鲜袋（200+40只）,光明牌酸奶490g,舒肤佳纯白清香型香皂125克,塑料购物袋(大),光明e+益生菌酸牛奶(原味)125g,,,,,,,,,,,,,,,,,,
巨能家常清凉爽滑面600克,光明酸奶原味经济装100g*8,塑料购物袋(大),旺旺碎冰冰果味饮料草莓味78ml,旺旺碎冰冰果味饮料葡萄味78ml,旺旺碎冰冰果味饮料草莓味78ml,旺旺碎冰冰果味饮料葡萄味78ml,,,,,,,,,,,,,,,,,,
五丰好媳妇灌汤水饺(芹菜猪肉)420g,五丰刀切馒头450g,,,,,,,,,,,,,,,,,,,,,,,
洁成浴花(苏州),威猛先生洁厕液双包装（柠檬草香）,塑料购物袋(大),P妙洁百洁布4片装,蓝月亮Q厕宝50g,超能棕榈活性去渍透明皂260g*2,爱家固体清香剂(桂花)88g,汰渍洁净薰香无磷洗衣粉1.65kg,,,,,,,,,,,,,,,,,
鸡爪,,,,,,,,,,,,,,,,,,,,,,,,
楚源香米(散),兰州包心菜（一级）,长瓜（一级）,塑料购物袋(大),花蛤,蒜头（一级）,三江购物大豆油5L,可口可乐零度汽水(无糖)500ml,,,,,,,,,,,,,,,,,
禾甘木糖醇200g,太太乐99度晶体味精1kg,鲁王特精粉2.5kg,,,,,,,,,,,,,,,,,,,,,,
国产香蕉（一级）,光明酸牛奶(红枣味)100g*8,,,,,,,,,,,,,,,,,,,,,,,
鲜鸡蛋,香软粳米(散装),灭害灵无烟蚊香(10圈)190g,三江购物保鲜膜促销装40107(30cm*5,,,,,,,,,,,,,,,,,,,,,
养乐多活性乳酸菌乳饮品100ml*5支,如意水磨年糕450g,富华林白砂糖400g,塑料购物袋(大),,,,,,,,,,,,,,,,,,,,,
光明酸牛奶(红枣味)100g*8,雕牌全效加浓洗洁精1.5kg,双熊猫抽取式绉纹卫生纸300张,,,,,,,,,,,,,,,,,,,,,,
白砂糖(散),康师傅冰红茶1L,佳洁士盐白牙膏(洁白+清新)200克,,,,,,,,,,,,,,,,,,,,,,
喜之郎果冻爽香橙味150克,维纳斯多效金银花花露水195ml,,,,,,,,,,,,,,,,,,,,,,,
白砂糖(散),白木耳(一级),雕牌高效洗洁精1.618kg,奥妙超效洗衣皂含芦荟精华206克*2,恒人夹脚拖A671,L零接触男中裤718,塑料购物袋(大),莲虹无托文胸188(36/80cm),伊利草莓口味牛奶片32克,伊利原味牛奶片32克,,,,,,,,,,,,,,,
鸡爪,,,,,,,,,,,,,,,,,,,,,,,,
翰丰丝苗米(籼米),,,,,,,,,,,,,,,,,,,,,,,,
白砂糖(散),麦香堡夹心豆沙面包40克,S奔腾休闲薄棉男袜三双装1018(26-2,,,,,,,,,,,,,,,,,,,,,,
国产香蕉（一级）,,,,,,,,,,,,,,,,,,,,,,,,
国产香蕉（一级）,雪碧汽水2.3L,,,,,,,,,,,,,,,,,,,,,,,
海飞丝丝质柔滑型去屑洗发露400ml,舒肤佳经典净护纯白清香沐浴露720m,益达木糖醇无糖口香糖香浓蜜瓜味56,,,,,,,,,,,,,,,,,,,,,,
蒙牛酸酸乳草莓味乳饮料250ml,康师傅冰红茶柠檬口味茶饮品500ml*,双汇泡面拍档香肠30g*9,加多宝凉茶310亳升,塑料购物袋(大),大好大纸包瓜子138克,雀巢奶香1+2即溶咖啡饮品143g,,,,,,,,,,,,,,,,,,
七度空间纯棉夜用超薄卫生巾10片QS,,,,,,,,,,,,,,,,,,,,,,,,
榄菊蚊香大盘装（高级型）155g,舒肤佳纯白清香型香皂125克,雪涛日晒自然盐300克,乡下妹榨菜片85克,味聚特学生营养榨菜80克,云楼学生榨菜丝168g,北高峰糯米黄酒（袋）400ml,三丰可味笋丝雪菜200克,欣荣行笋丝雪菜150g,今麦郎手打鸡蛋面200克,今麦郎手打拉面200克,奥妙超效洗衣皂含芦荟精华206克*2,,,,,,,,,,,,,
三全麦香早点奶香馒头1.36kg,,,,,,,,,,,,,,,,,,,,,,,,
鲜鸡蛋,,,,,,,,,,,,,,,,,,,,,,,,
康师傅红烧牛肉面100克*5包,甘汁园益母红糖350g,上品鲜排骨精100g,太太乐鸡精250克,养乐多活性乳酸菌乳饮品100ml*5支,纳爱斯伢牙乐儿童牙膏（鲜鲜橙子）,塑料购物袋(大),康师傅冰红茶柠檬味利乐包250ML,可口可乐汽水500ml,芬达橙味汽水500ml,蒙牛优益C活菌型乳酸菌乳饮料(原味,高露洁防蛀美白牙膏140克,,,,,,,,,,,,,
塑料购物袋(大),苦瓜（一级）,银鹭桂圆八宝粥360g,东洋包氏鲜汁味鸭掌78g,恒康芝麻桃仁125克,喜之郎美好时光原味海苔4.5克,恒康蜂蜜桃仁125克,喜之郎蜜桔果肉果冻990克+30克,奥妙超效洗衣皂含芦荟精华206克*2,绿力冬瓜茶饮料拉罐245ml,双汇精制香辣香脆肠50g,双汇玉米热狗肠40g,康师傅冰糖雪梨果汁饮品450ml,,,,,,,,,,,,
鲜鸡蛋,鲜鸡蛋,鲜鸡蛋,塑料购物袋(大),波力鳕柳丝海苔味40克,卡夫趣多多巧克力味软式小饼50克,快乐农心兵卒一口脆咖喱味70克,奇多干杯脆日式牛排味粟米粒25克,伊利草莓口味牛奶片32克,伊利橙味牛奶片32克,双汇精制香辣香脆肠50g,明治欣欣杯草莓味50克,果然多CC卷甜蜜瓜19克,,,,,,,,,,,,
陈克明荞麦风味挂面1千克,,,,,,,,,,,,,,,,,,,,,,,,
郑万利特制糟烧白酒40度5L,,,,,,,,,,,,,,,,,,,,,,,,
光明酸牛奶(红枣味)950g,光明酸奶980g,紫甘薯（一级）,,,,,,,,,,,,,,,,,,,,,,
三江购物梦缘肉松脆饼咸味韧性饼干,黄金瓜（一级）,汰渍洁净薰香无磷洗衣粉1.65kg,小青瞬间清润清新爽肤水120ml,小青逸婷丝质柔滑去屑洗发露1kg,小青逸婷金银花健肤沐浴露1kg,舒肤佳纯白清香型香皂125克,,,,,,,,,,,,,,,,,,
三丰可味雪菜150克,,,,,,,,,,,,,,,,,,,,,,,,
养乐多活性乳酸菌乳饮品100ml*5支,,,,,,,,,,,,,,,,,,,,,,,,
脉动维生素饮料水蜜桃口味600ml,脉动维生素饮料橘子口味600ml,蓝带啤酒北美淡爽10度330ml*6罐,带鱼200-300,带鱼200-300,引发笋丝雪菜88克,乌江牌鲜香菜丝80克,,,,,,,,,,,,,,,,,,
美汁源果清新蜂蜜雪梨味饮料420ml,,,,,,,,,,,,,,,,,,,,,,,,
绿豆,城隍潭孝感米酒300g,海友幼滑型花生酱510克,新康可甜酒酿360g,吉列威锋旋转双层刀片（3刀头）,塑料购物袋(大),,,,,,,,,,,,,,,,,,,
散装东北米(中汇),北方绿人老北京饼干500克,乌江涪陵榨菜80克,,,,,,,,,,,,,,,,,,,,,,
旺仔小馒头原味蜂蜜45g,,,,,,,,,,,,,,,,,,,,,,,,
生姜（一级）,,,,,,,,,,,,,,,,,,,,,,,,
红富士80#(三级),清风原木纯品抽取式面纸(BR38MC)20,,,,,,,,,,,,,,,,,,,,,,,
七喜柠檬味汽水2.5L,芬达橙汁汽水2.3L,鲜鸡蛋,,,,,,,,,,,,,,,,,,,,,,
六神花露水大号195ml,高露洁防蛀美白牙膏140克,舒肤佳纯白清香型香皂125克,奥妙超效洗衣皂含芦荟精华206克*2,真想您两条装男仕三角裤5771（L）,,,,,,,,,,,,,,,,,,,,
红富士80#（一级）,一级青提,,,,,,,,,,,,,,,,,,,,,,,
L`Umo`男V领短袖针织衫411,L格男仕男休闲中裤057,,,,,,,,,,,,,,,,,,,,,,,
双汇红肠(上海风味)300g,,,,,,,,,,,,,,,,,,,,,,,,
乐事美国经典原味薯片45g,南阳之星时尚系列双层抽取面纸200,贝蒂妙厨妙脆角葱香原味40克,百事可乐可乐型汽水330毫升,雪碧清爽柠檬味汽水330ml,东洋包氏酱卤味鸡翅70g,益民盐津半李180克,卡夫三层高钙梳打饼干香葱蔬菜味10,香哆哆酒鬼花生70克,恒康原味瓜子200克,塑料购物袋(大),,,,,,,,,,,,,,
绿盛酱鸭舌(温州风味)50克,绿盛百卤坊五香凤爪30g,麦香堡夹心豆沙面包40克,,,,,,,,,,,,,,,,,,,,,,
散装东北大米(三江购物),塑料购物袋(大),,,,,,,,,,,,,,,,,,,,,,,
蒙牛未来星儿童健骨成长牛奶190ml*,,,,,,,,,,,,,,,,,,,,,,,,
蒙牛未来星儿童健骨成长牛奶190ml*,旺旺碎冰冰果味饮料草莓味78ml,旺旺碎冰冰果味饮料草莓味78ml,,,,,,,,,,,,,,,,,,,,,,
好舒爽速洁倍爽夜用卫生巾(HE8220B,舒爽超柔透气纸尿片小号20+2装KS82,,,,,,,,,,,,,,,,,,,,,,,
鲜鸡蛋,洋葱头（一级）,三全麦香早点奶香馒头1.36kg,,,,,,,,,,,,,,,,,,,,,,
雕牌高效洗洁精5千克,,,,,,,,,,,,,,,,,,,,,,,,
鲜鸡蛋,散装奥利奥双心脆花生威化饼干,,,,,,,,,,,,,,,,,,,,,,,
好丽友木糖醇口香糖热带水果味101,薏米仁(散),小红豆,,,,,,,,,,,,,,,,,,,,,,
兰州包心菜（一级）,可扬亚达汤料(海鲜味)48g,,,,,,,,,,,,,,,,,,,,,,,
小红豆,,,,,,,,,,,,,,,,,,,,,,,,
德芙脆香米牛奶巧克力22克,光明纯鲜牛奶500ml,塑料购物袋(大),康师傅冰红茶500ml,盼盼番茄味薯片(家庭装)138克,安琪马来西亚风味松籽酥30克,大好大纸包瓜子138克,安琪马来西亚风味杏仁酥30克,安琪马来西亚风味腰果酥30克,美丹巧克力涂层蛋卷25克,旺仔牛奶糖62克,,,,,,,,,,,,,,
洋葱头（一级）,干海带,西红柿（一级）,嘎啦(一级),L零接触男夏季清仓服装T20,莲虹弹力棉女短裤1399(L-XL),S东海塑身内裤101(L),,,,,,,,,,,,,,,,,,
雕牌全渍净洗衣液500g,,,,,,,,,,,,,,,,,,,,,,,,
塑料购物袋(大),,,,,,,,,,,,,,,,,,,,,,,,
旺旺小小酥原味30克,好丽友好多鱼烧烤味33克,老爸豆腐干(肉汁)100克,香哆哆香辣花生烤鸡味100克,舜吉鸭脖子100克,喜之郎果肉果冻蜜桔味散装,大好大奶油瓜子袋装80克,上好佳日式鱼果海苔味50g,黄飞红麻辣花生70克,圣茗香原味蛋35g,塑料购物袋(大),均瑶味动力发酵型乳酸菌饮品原味10,光明e+益生菌酸牛奶(原味)125g,,,,,,,,,,,,
花蛤,,,,,,,,,,,,,,,,,,,,,,,,
三全麦香早点奶香馒头1.36kg,,,,,,,,,,,,,,,,,,,,,,,,
麦香堡夹心豆沙面包40克,绿盛百卤坊五香凤爪30g,第6感超薄平滑天然胶乳橡胶避孕套2,散装苏微快乐锅巴日式牛排味,散装动心一族奶油果仁蛋糕,火龙果（一级）,统一100珍品雪菜肉丝面111克,,,,,,,,,,,,,,,,,,
金丝猴馋嘴猴上汤鸡汁味豆干30g,喜之郎什锦果肉果冻200克,妙脆角玉米角美式茄汁味14g,乐事无限鲜浓番茄味薯片40克,果然多CC卷清新苹果卷19克,喜之郎葡萄&苹果果肉果冻200克,华味亨珍珠梅180克,旺旺QQ糖水蜜桃味70克,妙脆角玉米角魔力炭烧味14g,,,,,,,,,,,,,,,,
三全麦香早点奶香馒头1.36kg,,,,,,,,,,,,,,,,,,,,,,,,
一级青提,塑料购物袋(大),光明酸牛奶饮品利乐枕(原味)243ml,阿里山香瓜子奶香味248g,农夫山泉普装饮用水550ML,新家园烤馍锅巴咖喱牛肉风味75克,蜡笔小新果肉果冻青梅味200克,,,,,,,,,,,,,,,,,,
雪碧清爽柠檬味汽水500ml,,,,,,,,,,,,,,,,,,,,,,,,
蒙牛特仑苏有机奶250ml*12,今麦郎手打拉面200克,今麦郎手打鸡蛋面200克,奥妙超效洗衣皂含芦荟精华206克*2,麦香堡夹心豆沙面包40克,圣茗香鹌鹑蛋45克,华味亨纸皮核桃225g,妙洁100型经济装保鲜膜30cm*30m,,,,,,,,,,,,,,,,,
五桥粳米粉750克,,,,,,,,,,,,,,,,,,,,,,,,
三江购物精制拉面350g*2,,,,,,,,,,,,,,,,,,,,,,,,
金伯乐麻油辣腐乳290克,陈克明香菇风味挂面900克,,,,,,,,,,,,,,,,,,,,,,,
一级哈密瓜,,,,,,,,,,,,,,,,,,,,,,,,
黑人天然双重薄荷含氟牙膏120克,佳雪芦荟清新保湿乳液80g,汰渍洁净薰香无磷洗衣粉508g,榄菊蚊香大盘装（无烟型）175g,蒙牛优益C活菌型乳酸菌乳饮料(原味,均瑶味动力发酵型乳酸菌饮品原味33,塑料购物袋(大),,,,,,,,,,,,,,,,,,
心相印茶语3层手帕纸10包,维达蓝色经典迷你手帕纸V0036(10包,,,,,,,,,,,,,,,,,,,,,,,
大丰男搭扣帆布鞋203(41#),万胜系带男休闲鞋1208(42#),塑料购物袋(大),,,,,,,,,,,,,,,,,,,,,,
吉列威锋旋转双层刀架及刮胡泡超值,,,,,,,,,,,,,,,,,,,,,,,,
乡下妹古制萝卜干60克,,,,,,,,,,,,,,,,,,,,,,,,
鲜鸡蛋,绿豆,闽洋海蛰丝(海鲜味)150g,闽洋海蛰丝(香辣味)150g,,,,,,,,,,,,,,,,,,,,,
血糯粥料(散),白砂糖(散),蒜头（一级）,,,,,,,,,,,,,,,,,,,,,,
黄金瓜（一级）,,,,,,,,,,,,,,,,,,,,,,,,
西红柿（一级）,鳊鱼（三级）,兰州包心菜（一级）,冬瓜（一级）,尖椒（一级）,,,,,,,,,,,,,,,,,,,,
光明纯鲜牛奶980ml,红萝卜（一级）,,,,,,,,,,,,,,,,,,,,,,,
尖椒（一级）,均瑶味动力发酵型乳酸菌饮品原味33,冷冻鲳鱼100-200,蒙牛酸牛奶(红枣味)160g,鸡大腿(单冻),益民糯米黄酒400ml,福临门天然谷物调和油1.8升,金健东北三江清香稻米5kg,塑料购物袋(大),,,,,,,,,,,,,,,,
散装东北长粒香米(三江购物),,,,,,,,,,,,,,,,,,,,,,,,
白砂糖(散),白砂糖(散),白砂糖(散),白砂糖(散),塑料购物袋(大),白砂糖(散),白砂糖(散),白砂糖(散),,,,,,,,,,,,,,,,,
福临门家香味压榨菜籽油5升,散装东北米(中汇),,,,,,,,,,,,,,,,,,,,,,,
洋葱头（一级）,懿康香浓燕麦片(粗粮纤维型)105克,双汇超市火腿肠袋装320g,兰州包心菜（一级）,云楼榨菜条158g,云楼学生榨菜丝168g,白砂糖(散),生姜（一级）,传化冷水速洁洗衣粉1.108千克,康师傅红烧牛肉面100克*5包,塑料购物袋(大),,,,,,,,,,,,,,
三全麦香早点奶香馒头1.36kg,益母日洁柔肤10片,好舒爽速洁倍爽夜用卫生巾(HE8220B,维纳斯多效金银花花露水195ml,,,,,,,,,,,,,,,,,,,,,
鳊鱼（三级）,,,,,,,,,,,,,,,,,,,,,,,,
三江购物大豆油5L,,,,,,,,,,,,,,,,,,,,,,,,
富达尔小家庭家电玩具系列2828A,挪拉马修闪光棒NO.L821-C,,,,,,,,,,,,,,,,,,,,,,,
初生蛋,大黄鱼条,百合（一级）,塑料购物袋(大),养乐多活性乳酸菌乳饮品100ml*5支,,,,,,,,,,,,,,,,,,,,
娃哈哈纯净水596ML,,,,,,,,,,,,,,,,,,,,,,,,
多晶冰糖(散),,,,,,,,,,,,,,,,,,,,,,,,
雕牌全效加浓洗洁精1.5kg,蓝月亮野菊花清爽洗手液经济补充装,,,,,,,,,,,,,,,,,,,,,,,
白猫柠檬红茶洗洁精500g,南方女人黑芝麻糊600克,,,,,,,,,,,,,,,,,,,,,,,
康师傅珍品红烧牛肉面104克*5包,康师傅笋干烧肉面102克*5包,金龙鱼优质东北大米5kg,相宜本草美白祛斑洁面膏100克,康师傅酸菜牛肉桶面122克,,,,,,,,,,,,,,,,,,,,
L尚秀圆领短袖女针织衫229,,,,,,,,,,,,,,,,,,,,,,,,
新中糟方腐乳500克,,,,,,,,,,,,,,,,,,,,,,,,
"东海男汗布三角裤90""""""""""""",白砂糖(散),,,,,,,,,,,,,,,,,,,,,,,
散装东北大米(三江购物),,,,,,,,,,,,,,,,,,,,,,,,
舒肤佳维E香皂125克,,,,,,,,,,,,,,,,,,,,,,,,
光明莫斯利安酸牛奶钻石原味190g*1,旺旺碎冰冰果味饮料草莓味78ml,旺旺碎冰冰果味饮料草莓味78ml,,,,,,,,,,,,,,,,,,,,,,
利群（休闲）,软玉溪(B),利群(长嘴),利群(软红长嘴),利群(老版),利群(软长嘴),雄狮(红老版),南京(红),白沙(尚品蓝),84全硬白沙（和红）香烟,红塔山(硬经典100),云烟（软紫）,红塔山(软经典),硬云烟(紫)香烟,爱喜薄荷香烟20支,,,,,,,,,,
甬双鹿R6碱性电池5#,双鹿R03碱性电池7#,甬双鹿R20铁壳电池1#,甬双鹿R14铁壳电池2#,双鹿CR2032扣式锂电池,双鹿R6电池PVC装5#,双鹿R03电池PVC装7#,,,,,,,,,,,,,,,,,,
塑料购物袋(大),,,,,,,,,,,,,,,,,,,,,,,,
元宝牌大豆油5L,,,,,,,,,,,,,,,,,,,,,,,,
加碘精制盐400克,楚源香米(散),,,,,,,,,,,,,,,,,,,,,,,
太太乐高汤精100克,海天威极香醋420ml+25ml,伊利巧克力味牛奶饮品250ml,双汇润口香甜王玉米风味香肠300g(3,蒙牛早餐奶（核桃）250ml,塑料购物袋(大),,,,,,,,,,,,,,,,,,,
翠冠梨（一级）,良厨灌汤鲜肉水饺450g,良厨香葱花卷1.25kg,双汇超市火腿肠袋装320g,,,,,,,,,,,,,,,,,,,,,
维达花之韵抽取式面巾纸200抽*3(V2,散装糯米,红富士80#（一级）,,,,,,,,,,,,,,,,,,,,,,
酷儿橙汁饮料450ml,雪碧清爽柠檬味汽水500ml,,,,,,,,,,,,,,,,,,,,,,,
日盈无蔗糖减盐苏打饼干鲜葱味180g,日盈无蔗糖减盐苏打饼干芝麻味180g,,,,,,,,,,,,,,,,,,,,,,,
喜羊羊多功能笔记本YA1705,布兰迪中性笔0.38mm黑NO.2087(3支,,,,,,,,,,,,,,,,,,,,,,,
光明轻巧包黑加仑酸牛奶180g,蒙牛谷物酸牛奶大麦+芦荟180克,洁柔迷你手帕纸10包JM044,洁柔花抽取式面巾纸240抽,光明酸牛奶饮品利乐枕(原味)243ml,塑料购物袋(大),,,,,,,,,,,,,,,,,,,
三枪精漂纯棉圆领短袖男衫21095A1(,浪莎运动休闲男袜005169(24-28cm),绿豆,白砂糖(散),南孚电池5号4粒装15A4B,塑料购物袋(大),,,,,,,,,,,,,,,,,,,
福有菜籽油5L,散装东北大米(三江购物),,,,,,,,,,,,,,,,,,,,,,,
散装奥利奥巧克力味夹心饼干,散装优冠牛奶香脆饼干纯正牛奶味,,,,,,,,,,,,,,,,,,,,,,,
鲜鸡蛋,绿豆,丝诺纯棉木棒棉签100支装,康师傅冰红茶柠檬味利乐包250ML,奥妙超效洗衣皂含芦荟精华206克*2,希艺欧牙签Y111(150支装),佳美洗洁精450g,,,,,,,,,,,,,,,,,,
鲜鸡蛋,,,,,,,,,,,,,,,,,,,,,,,,
六神花露水大号195ml,维纳斯牛头牌高效去油洗洁精2kg,,,,,,,,,,,,,,,,,,,,,,,
白砂糖(散),鲜鸡蛋,,,,,,,,,,,,,,,,,,,,,,,
苏菲日用洁翼卫生巾20片1034,旺旺碎冰冰果味饮料草莓味78ml,塑料购物袋(大),舒爽超薄干爽夜用卫生巾SC9220(简),绿豆,苏菲弹力贴身超熟睡350夜用卫生巾4,舒爽超薄干爽日用卫生巾SC9120(简),圣茗香鹌鹑蛋45克,蓝怡雪文胸31593(32),蓝怡雪蕾丝花边有托文胸32152(A32),莲虹弹力棉女短裤1399(L-XL),旺旺碎冰冰果味饮料草莓味78ml,,,,,,,,,,,,,
奥麦康冰糖杨梅220克,恒康开口松子155克,,,,,,,,,,,,,,,,,,,,,,,
佳洁士防蛀牙膏薄荷200克,三江购物大豆油5L,,,,,,,,,,,,,,,,,,,,,,,
金焦牌镇江陈醋500ml,北高峰糯米黄酒（袋）400ml,咸亨麻油腐乳300克,坛坛香精致剁辣椒425克,散装东北米(中汇),散装东北米(中汇),,,,,,,,,,,,,,,,,,,
三江购物大豆油5L,,,,,,,,,,,,,,,,,,,,,,,,
鲜鸡蛋,青苹果（一级）,,,,,,,,,,,,,,,,,,,,,,,
鲜鸡蛋,奥妙全自动无磷洗衣粉1.7kg,三江购物柠檬洗洁精2千克,蓝怡雪男内裤9092(L),S亿柏男休闲裤1201(3#),,,,,,,,,,,,,,,,,,,,
紫甘薯（一级）,白砂糖(散),五桥粳米粉750克,光明牌酸奶490g,滨崎AOQS硬质糖果128克,,,,,,,,,,,,,,,,,,,,
好丽友好友趣多汁牛排味切片型马铃,洽洽喀吱脆纯香紫薯味薯片51克,新家园烤馍锅巴孜然风味75克,乐事美国经典原味薯片75g,乐事无限忠于原味薯片104克,口水娃香脆兰花豆酱汁牛肉味106克,塑料购物袋(大),,,,,,,,,,,,,,,,,,
鲜鸡蛋,,,,,,,,,,,,,,,,,,,,,,,,
紫甘薯（一级）,老州山生虾皮,散装徐福记糕饼系列,本地大棚西瓜（一级）,,,,,,,,,,,,,,,,,,,,,
雪涛日晒自然盐300克,,,,,,,,,,,,,,,,,,,,,,,,
新康泰克草本润喉软糖喉爽薄荷味20,蓝月亮手洗专用洗衣液风清白兰500g,,,,,,,,,,,,,,,,,,,,,,,
绿豆,,,,,,,,,,,,,,,,,,,,,,,,
舒肤佳纯白清香型香皂125克,中华健齿白155g,,,,,,,,,,,,,,,,,,,,,,,
芬达橙汁汽水2.3L,CDTEX男运动裤8701,塑料购物袋(大),,,,,,,,,,,,,,,,,,,,,,
神仙居竹裤架(4夹)66-69,神仙居竹衣裤架(8头)66-28,皎洁双洁丝型牙刷3支装,富华林土冰糖300g,加碘精制盐400克,,,,,,,,,,,,,,,,,,,,
兰州包心菜（一级）,散装东北米(中汇),,,,,,,,,,,,,,,,,,,,,,,
散装三牛奶油椒盐酥曲奇饼干,塑料购物袋(大),散装喜之郎果汁果冻条系列,散装苏微快乐锅巴日式牛排味,散装徐福记糕饼系列,散装三辉麦风日式の点心面包,食上川府豆干散装,卡夫王子脆脆多飘香牛肉膨化食品30,格力高百奇抹茶味装饰饼干50克,喜之郎黄桃＆蜜桃果肉果冻200克,,,,,,,,,,,,,,,
散装东北米(中汇),,,,,,,,,,,,,,,,,,,,,,,,
散装三牛奶油椒盐酥曲奇饼干,福海堂玫瑰花(散),福海堂柠檬(散),,,,,,,,,,,,,,,,,,,,,,
可蒙3合1顺滑洗发露（特惠家庭装）,,,,,,,,,,,,,,,,,,,,,,,,
红皮花生米（一级）,鲜鸡蛋,光皮蛋,太太乐鸡精100克,如果他夹心棒棒糖18g,白猫柠檬红茶洗洁精500g,蓝月亮彩色衣物漂洁液（清新柠檬花,,,,,,,,,,,,,,,,,,
一级藤稔葡萄,龙士达小号清新冷水壶L-310,维纳斯牛头牌高效去油洗洁精2kg,盼盼番茄味薯片(家庭装)138克,民益糕饼系列(散),双塔红薯圈粉(散),塑料购物袋(大),手工面(一级),双塔龙口粉丝(散),统领10双装男丝袜1508(24-26cm),舒肤佳纯白清香型香皂125克,维纳斯多效金银花花露水195ml,喜之郎果冻爽菠萝味150克,麦香堡夹心豆沙面包40克,喜之郎果冻爽香橙味150克,喜之郎果冻爽荔枝味150克,奥妙超效洗衣皂含芦荟精华206克*2,圣茗香鹌鹑蛋45克,,,,,,,
民益糕饼系列(散),鲜鸡蛋,立白清新柠檬洗洁精1.5千克,雕牌超效加酶无磷洗衣粉560克,唯新儿童营养胡萝卜酥115g,,,,,,,,,,,,,,,,,,,,
福临门非转基因压榨葵花籽油5升,大粒薏米仁(散),百合（一级）,莲子(一级),黑芝麻(散),黑豆(散),,,,,,,,,,,,,,,,,,,
亲友丁香荔枝礼盒450g,,,,,,,,,,,,,,,,,,,,,,,,
六神花露水大号195ml,雪碧清爽柠檬味汽水500ml,,,,,,,,,,,,,,,,,,,,,,,
白砂糖(散),小红豆,,,,,,,,,,,,,,,,,,,,,,,
三江购物整理箱SJ-014,,,,,,,,,,,,,,,,,,,,,,,,
传味椰子威化饼400克,动心一族奶油果仁蛋糕100克,水芝灵汉方草本足浴盐(乳褐色)50g,动心一族芝麻蛋糕100克,赤豆,紫甘薯（一级）,多晶冰糖(散),,,,,,,,,,,,,,,,,,
福有菜籽油5L,民益糕饼系列(散),,,,,,,,,,,,,,,,,,,,,,,
中华(硬),,,,,,,,,,,,,,,,,,,,,,,,
桃形李（一级）,雪霸王窝窝头300g,蒙牛谷物酸牛奶大麦+芦荟180克,格力高百醇榛仁巧克力味注心饼干48,新中红方麻油腐乳500克,花生米(一级),塑料购物袋(大),三江购物赤豆450g,咸亨麻油腐乳300克,云蕾特大号洗洁巾3片装(98953)30cm,格力高百力滋白脱饼干65克,美则胜研磨丝细牙刷204型4支装,零接触男夏季清仓短裤T45,汰渍三重功效洗衣皂238克,,,,,,,,,,,
蓝月亮Q厕宝50g*4,小红豆,妙洁PE保鲜膜100尺,,,,,,,,,,,,,,,,,,,,,,
三江购物大豆油5L,苏北米(散装),,,,,,,,,,,,,,,,,,,,,,,
幸园机织地毯KK-0004(38*58cm),卡夫TUC闲趣清咸自然原味韧性饼干1,好丽友甜天麦60克,嘉盈多味花生五香味106g,潘婷乳液修复洗发露400ml+精华素20,麦香堡夹心豆沙面包40克,双灯高级平版卫生纸400张,花蕊水壶杯套装9598(500ml),上好佳草莓味粟米条40g,阿里山黑珍珠香瓜子125克,新家园烤馍锅巴椒盐风味75克,华味亨珍珠梅180克,大好大水煮花生香辣牛肉味255克,冰泉豆腐花袋装256克,,,,,,,,,,,
土豆（一级）,小葱（一级）,黑茄（一级）,云楼海宁冬菜200g,海天特级一品鲜酱油1.28L,,,,,,,,,,,,,,,,,,,,
口力海洋动物水果味弹力软糖100克,绿箭口香糖(5片)15克,绿豆,散装东北米(中汇),,,,,,,,,,,,,,,,,,,,,
蒙牛酸牛奶(原味)100g*8,双汇王中王优级火腿肠袋装300g(10,一品珍白木耳60g,清扬多效水润养护去屑洗发露200ml,富华林宁夏枸杞150g,塑料购物袋(大),统一绿茶茉莉花味绿茶饮料2L,,,,,,,,,,,,,,,,,,
得力桌面型计算器NO.1228B,,,,,,,,,,,,,,,,,,,,,,,,
白砂糖(散),民益糕饼系列(散),民益珍堡蛋糕系列,曼妥思夹心无糖口香糖薄荷味56克,多晶冰糖(散),民益糕饼系列(散),,,,,,,,,,,,,,,,,,,
楚源香米(散),一级丰水梨,塑料购物袋(大),护舒宝隐型祛味超薄护垫72片,散装喜之郎果汁果冻条系列,麦香堡夹心豆沙面包40克,动心一族红枣蛋糕200克,格力高百力滋微辣虾饼干65克,好吃点香脆杏仁饼108克,多美滋优阶幼儿配方奶粉3段400克,舒肤佳纯白清香型香皂125克,阿尔卑斯酸奶软糖33克,明治欣欣杯草莓味50克,鲜一族卤鸡蛋35克,明治欣欣杯朱古力+香蕉50克,,,,,,,,,,
帮宝适超薄干爽系列中包装初生型40,,,,,,,,,,,,,,,,,,,,,,,,
旺旺碎冰冰果味饮料葡萄味78ml,喜之郎果冻爽荔枝味150克,散装喜之郎果汁果冻条系列,康师傅酸菜牛肉面118g*5包,旺旺碎冰冰果味饮料葡萄味78ml,,,,,,,,,,,,,,,,,,,,
楚源香米(散),散装三辉面包莲蓉味,光明优+高品质牛奶231ml,蒙牛真果粒牛奶饮品(椰果果粒)250m,塑料购物袋(大),蒙牛真果粒牛奶饮品(草莓果粒)250m,蒙牛高钙牛奶250ml,蒙牛纯牛奶250ML,光明香浓纯牛奶利乐枕243ml,光明酸牛奶饮品利乐枕(原味)243ml,,,,,,,,,,,,,,,
光明酸奶原味经济装100g*8,得力迷你型订书机套装0253（10号）,洁伴平板卫生纸440g,冬瓜（一级）,雪碧汽水2.3L,绿豆,,,,,,,,,,,,,,,,,,,
金龙鱼第二代调和油5L,亲友阿胶枣228g,大大变果乐泡泡糖什锦味36克,广博小超人削笔机XBQ9745,奥妙超效洗衣皂含芦荟精华206克*2,塑料购物袋(大),,,,,,,,,,,,,,,,,,,
蒙牛酸牛奶(红枣味)160g,串屋棉花糖100克,,,,,,,,,,,,,,,,,,,,,,,
金龙鱼第二代调和油5L,旺旺碎冰冰果味饮料菠萝味78ml,白猫漂水(洁衣)700g,曼妥思激爽可乐劲嚼充气糖37克,安尔乐干爽纤巧日用卫生巾10片(LJA,加碘精制盐400克,娃哈哈爽歪歪益生菌酸奶饮品125ml*,心相印冬已系列湿巾独立装10片,旺旺碎冰冰果味饮料菠萝味78ml,,,,,,,,,,,,,,,,
三江购物大豆油5L,鲜鸡蛋,百合（一级）,生和堂龟苓膏(罗汉果味)215g,生活妙方金牌龟苓膏235g,光明酸牛奶(红枣味)100g*8,,,,,,,,,,,,,,,,,,,
舒肤佳纯白清香型香皂125克,明润皱纹卫生纸500克,统一卤肉拌面卤香牛肉味110克,红提（一级）,,,,,,,,,,,,,,,,,,,,,
三江购物大豆油5L,,,,,,,,,,,,,,,,,,,,,,,,
尖椒（一级）,紫甘薯（一级）,今麦郎手打鸡蛋面200克,,,,,,,,,,,,,,,,,,,,,,
三江购物大豆油5L,鲜鸡蛋,雪碧清爽柠檬味汽水500ml,立白易漂洗无磷洗衣粉1.03千克,奥妙超效洗衣皂含芦荟精华206克*2,舒肤佳纯白清香型香皂125克,,,,,,,,,,,,,,,,,,,
三全麦香早点奶香馒头1.36kg,金龙鱼第二代调和油2.5L,,,,,,,,,,,,,,,,,,,,,,,
光明芦荟酸奶125g*6,蒙牛酸牛奶(原味)200g,蒙牛冠益乳草莓果粒酸奶250g,塑料购物袋(大),,,,,,,,,,,,,,,,,,,,,
太太乐鸡精500克,蒜头（一级）,三江购物断点式保鲜袋小号20cm*30c,福海堂枸杞(散),福海堂金银花30克,福海堂莲心80克,妙洁点断式保鲜袋大号,,,,,,,,,,,,,,,,,,
绿豆,多晶冰糖(散),,,,,,,,,,,,,,,,,,,,,,,
鲜鸡蛋,佳洁士茶爽炫白牙膏（茉莉茶香型）,南阳之星双层抽取式面巾纸200抽*8,良厨豆沙包600g,,,,,,,,,,,,,,,,,,,,,
奥妙超效洗衣皂含芦荟精华206克*2,红糖(散),新疆核桃（一级）,,,,,,,,,,,,,,,,,,,,,,
惠尔康蜂蜜菊花茶植物饮料248毫升,七度空间优雅薄型日用卫生巾10片A9,珍宝珠混合味硬糖棒棒糖10.5克,三江购物肥皂(无磷配方)250g*2,塑料购物袋(大),,,,,,,,,,,,,,,,,,,,
云楼精什锦200g,可口可乐汽水(易拉罐)4*330ml,旭强4支缤纷水果冰模XQ7164A,豆亨味亨鲜酱油800ml,达利园法式小面包香奶味400克,云楼高菜笋丝80g,超能去渍365洗衣粉（倍净焕彩）180,,,,,,,,,,,,,,,,,,
芬达橙汁汽水2.3L,百事奇多牛排味粟米棒60克,,,,,,,,,,,,,,,,,,,,,,,
旺旺小小酥鸡肉味30克,佳雪美白防晒露(SPF30+/PA+++)50克,乐喷夹心口香糖葡萄味30克,百事可乐1.25L,阿华田3合1酷配方(盒)180克,老爸豆腐干(肉汁)100克,塑料购物袋(大),萨啦咪啃德佬小鸡腿(烤)袋装28克,萨啦咪小鸡腿A+(薰味)28克,老爸豆腐干(牛肉)100克,维纳斯多效深层超柔顺护发素450g,洁身妙浴搓泥200ml,虹一港式风味烤鸡翅38克,乡巴佬红喜蛋35g,,,,,,,,,,,
力士新活炫亮洗发乳400ml,蜂花首乌养发护发素458ml,塑料购物袋(大),维达抽取式面巾纸100抽*3(V2165-1),榄菊蚊香大盘装（檀香型）310g,超能天然皂粉680g,晨露固体清香剂（柠檬）70g,超能棕榈活性去渍透明皂226克*2,舒肤佳芦荟香皂125克,云南白药薄荷清爽型牙膏100克,皎洁女士研磨细丝牙刷,白猫去油高效洗洁精500克,,,,,,,,,,,,,
爱富1500ml陶瓷保温便当,,,,,,,,,,,,,,,,,,,,,,,,
佳雪芦荟保湿洁面乳（毛孔细致）10,娇爽魔力干爽丝薄日用卫生巾10片,双熊猫卫生纸260张,立白清新柠檬洗洁精500克,塑料购物袋(大),洁玉圆点方巾FR04-011W-1(32*32cm),超能天然皂粉馨香炫彩680g,香约五谷农场玉米豆奶24克,,,,,,,,,,,,,,,,,
白家够味酸辣粉425克(5包入),稻花香红烧牛肉过桥米线袋装106克,白家酸辣粉丝袋装108克,,,,,,,,,,,,,,,,,,,,,,
八宝粥料(散),太太乐99度晶体味精1kg,城隍潭孝感米酒300g,一品珍白木耳60g,白砂糖(散),维纳斯多效金银花花露水195ml,飘柔家庭兰花长效清爽洗发露去屑型,塑料购物袋(大),,,,,,,,,,,,,,,,,
雪霸王窝窝头300g,塑料购物袋(大),五丰玉米刀切450g,食上川府豆干散装,喜之郎葡萄&苹果果肉果冻200克,喜之郎什锦果肉果冻200克,喜之郎黄桃＆蜜桃果肉果冻200克,六神驱蚊花露水(冰莲香型)180ml,莎奴亚男士时尚平脚裤2条装9750(XL,雅柏竹纤维男士三角裤2条装3290(L),,,,,,,,,,,,,,,
三江购物牛奶香脆饼干800克,宜慧花生酥320克,动心一族奶油果仁蛋糕200克,塑料购物袋(大),,,,,,,,,,,,,,,,,,,,,
亲友阿胶枣228g,旺泰阿胶枣258克,塑料购物袋(大),散装东北米(中汇),绿豆,新疆核桃（一级）,,,,,,,,,,,,,,,,,,,
宜慧花生酥320克,,,,,,,,,,,,,,,,,,,,,,,,
八宝粥料(散),塑料购物袋(大),五丰上口爱巧克力/香草甜筒70g*6,黑芝麻(散),生和堂龟苓膏110g*4杯装,均瑶味动力发酵型乳酸菌饮品原味10,喜之郎果冻爽菠萝味150克,王凯枇杷蜂蜜500克,喜之郎果冻爽柠檬味150克,蜡笔小新鲜Q珍果多鲜橙味150克,百雀羚止痒精华1号美体乳(茶树+积,喜之郎果冻爽香橙味150克,百雀羚水润保湿润体甘油(芦荟+海藻,,,,,,,,,,,,
散装苏微快乐锅巴日式牛排味,新疆核桃（一级）,,,,,,,,,,,,,,,,,,,,,,,
楚源香米(散),,,,,,,,,,,,,,,,,,,,,,,,
薏米仁(散),光皮蛋,云楼海宁冬菜200g,,,,,,,,,,,,,,,,,,,,,,
真知棒什锦味棒棒糖10.5克,黑米,光皮蛋,生姜（一级）,海带丝,楚源香米(散),鲜鸡蛋,,,,,,,,,,,,,,,,,,
鲜鸡蛋,火龙果（一级）,兰州包心菜（一级）,美汁源(热带果粒+果粒橙)1.25L组合,真巧酱芯酥注心蛋卷草莓味60克,双汇王中王优级火腿肠400g(10支装),汰渍净白去渍柠檬清香无磷洗衣粉2.,圣茗香鹌鹑蛋45克,双汇台式烤香肠48g,娃哈哈花生牛奶蛋白饮品500ml,美汁源果粒橙橙汁饮料420ml,七喜柠檬味汽水2.5L,,,,,,,,,,,,,
中汇东北大米15kg,,,,,,,,,,,,,,,,,,,,,,,,
农夫山泉量贩装水550ml*12,,,,,,,,,,,,,,,,,,,,,,,,
散装东北大米(三江购物),蒜头（一级）,,,,,,,,,,,,,,,,,,,,,,,
良厨豆沙包600g,塑料购物袋(大),晨露固体清香剂（浪漫薰衣草）70g,清风原木纯品抽取式面纸(BR38MC)20,新康可甜酒酿360g,蓝月亮亮白增艳深层洁净洗衣液薰衣,雷达蚊香大盘家庭装驱蚊草香型41g*,,,,,,,,,,,,,,,,,,
娃哈哈桂圆莲子营养八宝粥360克,,,,,,,,,,,,,,,,,,,,,,,,
雕牌超效洗洁精1.5千克,,,,,,,,,,,,,,,,,,,,,,,,
散装东北米(中汇),尖椒（一级）,,,,,,,,,,,,,,,,,,,,,,,
塑料购物袋(大),,,,,,,,,,,,,,,,,,,,,,,,
老李五香鸡翅80克,统一100卤香牛肉面112克,百顺割绒提花童巾0103(26*52cm),蒙牛大果粒芦荟+黄桃酸奶260g,孩儿面牛奶营养沐浴露270ml,康师傅香辣牛肉面102克,康师傅冰红茶柠檬味利乐包250ML,海飞丝丝质柔滑型去屑洗发露5ml,蓝月亮绿色柔顺剂薰衣草香袋装500g,双汇金双汇特级火腿肠75g,双汇王中王优级火腿肠70g,塑料购物袋(大),,,,,,,,,,,,,
统一ALKAQUA优质饮用天然水570ml,碧柔毛孔清洁黑鼻贴5片装,索芙特玫瑰香薰香浴油(精纯沐浴露),老李五香鸡翅80克,am8:00苎麻洗浴拉带B-0040,塑料购物袋(大),海飞丝丝质柔滑型去屑洗发露5ml,,,,,,,,,,,,,,,,,,
散装佳迪法式软面包香奶味,康师傅红烧牛肉面三连桶105g*3,塑料购物袋(大),双汇王中王优级火腿肠600g(10支装),祖名卤制豆干鸡汁味100克,舜吉香糟鸭掌110克,益民盐津桃肉160克,老爸豆腐干(海鲜)100克,鲜一族卤鸡蛋35克,,,,,,,,,,,,,,,,
散装糯米,绿豆,,,,,,,,,,,,,,,,,,,,,,,
散装糯米,波纹面(一级),绿豆,新疆红枣（一级）,,,,,,,,,,,,,,,,,,,,,
散装喜之郎果汁果冻条系列,日清飞碟鱼香肉丝炒碗面124克,康师傅红烧牛肉面桶装105克,塑料购物袋(大),娃哈哈木糖醇营养八宝粥360克,上好佳朱古力口味粟米条40g,上好佳栗米条哈密瓜口味40g,娃哈哈杏仁紫八宝粥360g,真巧酱芯蛋卷注心巧克力味100g,百事可乐可乐型汽水500ml,绿盛儿童营养牛肉松12克,卡夫王子脆脆多香甜草莓膨化食品30,美汁源果粒奶优饮料清香菠萝味450m,三江购物肥皂(无磷配方)250g*2,三江购物洗衣皂238克*2,圣茗香原味蛋35g,,,,,,,,,
金龙鱼第二代调和油5L,雪碧汽水2.3L,清风原木纯品抽取式面纸(BR38MC)20,伊甸园低糖苹果味醋饮料500ml,杜蕾斯有型装天然胶乳橡胶避孕套8,豪丰欧式盆754(24cm),,,,,,,,,,,,,,,,,,,
三江购物大豆油5L,莎奴亚2条装男士时尚三角裤9555(XL,,,,,,,,,,,,,,,,,,,,,,,
蒙牛冠益乳椰果果粒酸奶250g,五丰上口爱巧克力/香草甜筒70g*6,,,,,,,,,,,,,,,,,,,,,,,
旺旺浪味仙蔬菜口味创意花式薯卷70,散装徐福记糕饼系列,塑料购物袋(大),果然多CC卷清新苹果卷19克,雪碧1.25L+酷儿橙汁1.5L组合装,好丽友蘑古力红豆精灵48克,喜之郎黄桃＆蜜桃果肉果冻200克,喜之郎葡萄&苹果果肉果冻200克,雕牌高级洗衣皂252g,,,,,,,,,,,,,,,,
塑料购物袋(大),三江购物注心蛋黄派奶油味440克,麦香堡夹心豆沙面包40克,小霸王香辣海鱼60克,恒康蒜香青豆138g,喻之味山椒花生80g,立兴黄桃罐头750g,圣茗香鹌鹑蛋45克,乐事清新清爽黄瓜味薯片45g,乐事无限薯片组合装104克*3罐,优冠牛奶香脆饼干纯正牛奶味125克,大好大锡包葵瓜子225克,萨啦咪啃德佬小鸡腿(烤)袋装28克,,,,,,,,,,,,
双汇王中王优级火腿肠袋装300g(10,超能天然皂粉360g,华味亨多味瓜子仁227g,娃哈哈蓝莓冰红茶果汁茶饮料500ml,塑料购物袋(大),六神止痒花露水180ml,脉动维生素饮料青柠口味600ml,黑人清新健齿牙刷（软毛）,,,,,,,,,,,,,,,,,
奥妙超效洗衣皂含芦荟精华206克*2,洁成浴花(苏州),塑料购物袋(大),龙士达花样年华皂盒L-1751,am8:00心型沐浴海绵B-0006,野马碳性五号10节挂卡R6P/10BS,,,,,,,,,,,,,,,,,,,
康师傅珍品红烧牛肉桶面104克,玉米渣(散),长粒香糯米(散),散装新乐福排骨梳打发酵饼干,双汇鸡肉火腿肠270克,,,,,,,,,,,,,,,,,,,,
康师傅矿物质水1.5L,佳洁士劲爽清新炫白牙膏180克,华味亨煮瓜子260g,润露蜂蜜280g,青蛙特爽柔丝牙刷632,绿豆,光明1911原酪酸牛奶(原味)160g,蒙牛酸牛奶(红枣味)160g,,,,,,,,,,,,,,,,,
干海带,康康双贝防臭亚麻鞋垫K-509(41#-42,民益糕饼系列(散),,,,,,,,,,,,,,,,,,,,,,
贝因美奶伴葡萄糖袋装360克,,,,,,,,,,,,,,,,,,,,,,,,
圣茗香鹌鹑蛋45克,海飞丝丝质柔滑型去屑洗发露400ml,枪手蟑香4盘装14克,,,,,,,,,,,,,,,,,,,,,,
土豆（一级）,兰州包心菜（一级）,生姜（一级）,散装东北米(中汇),,,,,,,,,,,,,,,,,,,,,
鲜鸡蛋,,,,,,,,,,,,,,,,,,,,,,,,
太太乐鸡精500克,,,,,,,,,,,,,,,,,,,,,,,,
红富士80#（一级）,可扬野生紫菜12g,统一绿茶茉莉花味绿茶饮料2L,塑料购物袋(大),盼盼麦香鸡味块105克,芬达橙汁汽水2.3L,姚生记原香青豆160g,圣茗香鹌鹑蛋45克,市升多油咸鸭蛋42g,,,,,,,,,,,,,,,,
绿豆,闽中真田桂圆八宝粥360g,喜多多果蔬纤维粥370克,均瑶味动力发酵型乳酸菌饮品原味33,顶汁味阿胶红糖350g,蒙牛酸酸乳(AD钙)乳饮料250ml,好想你新郑红枣200g,塑料购物袋(大),米老头蛋黄煎饼原味150克,清风原木纯品抽取式面纸(BR38MC)20,护舒宝瞬洁丝薄量多日用/夜用卫生,朗力福蛇胆牛黄花露水195ml,舒肤佳纯白清香型香皂125克,绿力冬瓜茶饮料拉罐245ml,汰渍三重功效柠檬清新洗衣皂238g,喜之郎优乐美巧克力奶茶22克,,,,,,,,,
莲子(一级),,,,,,,,,,,,,,,,,,,,,,,,
五芳斋鲜肉粽140g*2,,,,,,,,,,,,,,,,,,,,,,,,
纳爱斯牙膏(齿恋VC)95g,六神喷露花露水180ml,雕牌生姜洗洁精1.5千克,创尔雅两条装男士精竹平脚裤6081(X,黑人天然双重薄荷含氟牙膏225克,散装东北大米(三江购物),,,,,,,,,,,,,,,,,,,
对虾（三级）,,,,,,,,,,,,,,,,,,,,,,,,
三全面点坊玉兔奶黄包375g,红富士80#（一级）,塑料购物袋(大),曼妥思葡萄条形37克,尖椒（一级）,德芙香浓黑巧克力43g,德芙榛仁巧克力43g,兰州包心菜（一级）,伊利纯牛奶1L,,,,,,,,,,,,,,,,
丝瓜（一级）,,,,,,,,,,,,,,,,,,,,,,,,
鸭边腿,鸭爪,,,,,,,,,,,,,,,,,,,,,,,
市升多油咸鸭蛋42g,花蛤,,,,,,,,,,,,,,,,,,,,,,,
散装东北长粒香米(三江购物),小飞燕相思卷100克,味聚特烧烤藕片80克,味聚特山椒藕片80克,扁担老头麻辣味豆干90g,婆婆嘴石磨豆干麻辣风味90克,,,,,,,,,,,,,,,,,,,
香软粳米(散装),一遍红剁辣椒200克,塑料购物袋(大),,,,,,,,,,,,,,,,,,,,,,
金龙鱼第二代调和油5L,,,,,,,,,,,,,,,,,,,,,,,,
国产香蕉（一级）,芋艿（一级）,干海带,带鱼200-300,塑料购物袋(大),李记乐宝李记鱼酸菜250g,拥有孝感米酒(饮料型)280g,雅片鱼头100-300,养元六个核桃核桃乳精品型240ml,养元木糖醇六个核桃核桃乳240ml,均瑶味动力发酵型乳酸菌饮品原味33,均瑶味动力发酵型乳酸菌饮品原味10,双汇台式烤香肠48g,,,,,,,,,,,,
鲜鸡蛋,绿豆,光皮蛋,,,,,,,,,,,,,,,,,,,,,,
鲜鸡蛋,咸亨麻油腐乳300克,生姜（一级）,立白强效去渍洗衣皂246克,带鱼200-300,,,,,,,,,,,,,,,,,,,,
芬达橙味汽水500ml,,,,,,,,,,,,,,,,,,,,,,,,
小台农芒果（一级）,国产香蕉（一级）,塑料购物袋(大),,,,,,,,,,,,,,,,,,,,,,
红萝卜（一级）,多晶冰糖(散),翠冠梨（一级）,小葱（一级）,芋艿（一级）,,,,,,,,,,,,,,,,,,,,
冬瓜（一级）,光皮蛋,鲜鸡蛋,嘎啦(一级),新疆核桃（一级）,,,,,,,,,,,,,,,,,,,,
本地鲜鸡蛋,西红柿（一级）,光明酸奶原味经济装100g*8,,,,,,,,,,,,,,,,,,,,,,
鸭爪,,,,,,,,,,,,,,,,,,,,,,,,
散装东北米(中汇),苦瓜（一级）,生姜（一级）,舒肤佳纯白清香型香皂125克,雕牌高级增白皂(清新柠檬)218克,超能棕榈洗衣皂260g,超能柠檬草清新祛味透明皂260克*2,妙洁100型经济装保鲜膜30cm*30m,奈森克林扁线牙线棒40支装,,,,,,,,,,,,,,,,
生姜（一级）,鲜鸡蛋,,,,,,,,,,,,,,,,,,,,,,,
鲁王自发粉1千克,塑料购物袋(大),,,,,,,,,,,,,,,,,,,,,,,
白砂糖(散),,,,,,,,,,,,,,,,,,,,,,,,
仙客来金针菇80克,对虾,红提（一级）,散花菜(一级),,,,,,,,,,,,,,,,,,,,,
红萝卜（一级）,兰州包心菜（一级）,,,,,,,,,,,,,,,,,,,,,,,
散装奥利奥双心脆花生威化饼干,散装苏微快乐锅巴日式牛排味,三和扬州糟方腐乳500克,,,,,,,,,,,,,,,,,,,,,,
三江购物大豆油5L,裙带菜,苦瓜（一级）,黑茄（一级）,,,,,,,,,,,,,,,,,,,,,
灯椒（一级）,蒜头（一级）,生姜（一级）,,,,,,,,,,,,,,,,,,,,,,
鲜鸡蛋,国产香蕉（一级）,,,,,,,,,,,,,,,,,,,,,,,
散花菜(一级),对虾,,,,,,,,,,,,,,,,,,,,,,,
本地鲜鸡蛋,带鱼200-300,木瓜（一级）,,,,,,,,,,,,,,,,,,,,,,
兰州包心菜（一级）,冷冻目鱼仔50,日本南瓜（一级）,多力必需脂肪酸调和油5L,,,,,,,,,,,,,,,,,,,,,
蒙牛未来星儿童牛奶智慧型190ml*15,一级哈密瓜,国产香蕉（一级）,塑料购物袋(大),,,,,,,,,,,,,,,,,,,,,
生姜（一级）,尖椒（一级）,散花菜(一级),苦瓜（一级）,,,,,,,,,,,,,,,,,,,,,
国产香蕉（一级）,散装东北米(中汇),小白菜（一级）,生姜（一级）,土豆（一级）,洋葱头（一级）,,,,,,,,,,,,,,,,,,,
散装新乐福排骨梳打发酵饼干,富华林原果桂圆肉220g,民益芝麻桃酥280g,美汁源爽粒红葡萄水果饮料420ml,光明1911原酪酸牛奶(原味)160g,,,,,,,,,,,,,,,,,,,,
黑茄（一级）,金针菇（一级）,土豆（一级）,裙带菜,鲈鱼（三级）,鸡小腿(单冻),云楼小菜(乳瓜)180g,云楼小菜(榨菜)180g,,,,,,,,,,,,,,,,,
芹菜（一级）,鲜鸡蛋,,,,,,,,,,,,,,,,,,,,,,,
亲友阿胶枣228g,绿豆,,,,,,,,,,,,,,,,,,,,,,,
一级水蜜桃,红富士80#（一级）,,,,,,,,,,,,,,,,,,,,,,,
国产香蕉（一级）,一级藤稔葡萄,塑料购物袋(大),散装徐福记果冻系列G,小葱（一级）,舒肤佳纯白清香型香皂125克,苦瓜（一级）,,,,,,,,,,,,,,,,,,
小葱（一级）,鲜鸡蛋,小白菜（一级）,小白菜（一级）,,,,,,,,,,,,,,,,,,,,,
鲁花压榨特香菜籽油5L,吉列超滑旋转刀片,,,,,,,,,,,,,,,,,,,,,,,
良厨小圆子250g,白砂糖(散),黑木耳(一级),鲜鸡蛋,,,,,,,,,,,,,,,,,,,,,
一级哈密瓜,小白菜（一级）,红萝卜（一级）,苦瓜（一级）,日本南瓜（一级）,可扬野生紫菜12g,立白易漂洗无磷洗衣粉1.03千克,帮宝适超薄干爽婴儿纸尿裤大号24+3,奥妙超效洗衣皂含芦荟精华206克*2,,,,,,,,,,,,,,,,
三江购物大豆油5L,,,,,,,,,,,,,,,,,,,,,,,,
带鱼200-300,,,,,,,,,,,,,,,,,,,,,,,,
好吉利3层特柔无芯长卷纸12卷FB010,洁柔布艺软抽200抽*3,塑料购物袋(大),雪缘生活卫生纸450g,奥妙超效洗衣皂含芦荟精华206克*2,雕牌加香透明皂206g,,,,,,,,,,,,,,,,,,,
鲜鸡蛋,白砂糖(散),,,,,,,,,,,,,,,,,,,,,,,
小白菜（一级）,国产香蕉（一级）,,,,,,,,,,,,,,,,,,,,,,,
唐人高弹锦丝男对袜5双装9708,,,,,,,,,,,,,,,,,,,,,,,,
光明酸奶1.5kg,散装东北米(中汇),,,,,,,,,,,,,,,,,,,,,,,
海天特级味极鲜酱油500ml,带鱼200-300,多晶冰糖(散),鹌鹑蛋,,,,,,,,,,,,,,,,,,,,,
甘汁园产妇红糖368g,,,,,,,,,,,,,,,,,,,,,,,,
童子甲鱼只,,,,,,,,,,,,,,,,,,,,,,,,
金霸王7号AAA碱性电池4+1优惠装,,,,,,,,,,,,,,,,,,,,,,,,
光明酸奶原味经济装100g*8,光皮蛋,生姜（一级）,,,,,,,,,,,,,,,,,,,,,,
散装东北大米(三江购物),小葱（一级）,,,,,,,,,,,,,,,,,,,,,,,
伟嘉成猫猫粮海洋鱼味300g,鸡壳(单冻),干海带,鲜鸡蛋,,,,,,,,,,,,,,,,,,,,,
科立泰电热水壶QLT-2015B(1.5L),,,,,,,,,,,,,,,,,,,,,,,,
萝卜（一级）,,,,,,,,,,,,,,,,,,,,,,,,
一级哈密瓜,木耳菜（一级）,,,,,,,,,,,,,,,,,,,,,,,
紫甘薯（一级）,带鱼200-300,,,,,,,,,,,,,,,,,,,,,,,
芋艿（一级）,小葱（一级）,,,,,,,,,,,,,,,,,,,,,,,
干海带,黑木耳(一级),香菇干(一级),光明轻巧包黑加仑酸牛奶180g,小米(散),多晶冰糖(散),巨能家常拉面600克,,,,,,,,,,,,,,,,,,
奥妙全自动高浓度洗衣液3千克,塑料购物袋(大),佳洁士莹闪炫白牙膏（炫莹绿茶香型,七度空间优雅净爽超长夜用卫生巾8,七度空间绢爽超薄日用卫生巾10片QS,带鱼200-300,国产香蕉（一级）,嘎啦(一级),,,,,,,,,,,,,,,,,
对虾,翠冠梨（一级）,冬瓜（一级）,,,,,,,,,,,,,,,,,,,,,,
半片鸭,半片鸭,,,,,,,,,,,,,,,,,,,,,,,
芋艿（一级）,土豆（一级）,苦瓜（一级）,一级水蜜桃,冬瓜（一级）,,,,,,,,,,,,,,,,,,,,
灯椒（一级）,一级水蜜桃,青菜（一级）,宜慧花生酥320克,L零接触男休闲裤1232,舒肤佳纯白清香型香皂125克,,,,,,,,,,,,,,,,,,,
国产香蕉（一级）,翰丰丝苗米(籼米),翰丰丝苗米(籼米),光皮蛋,泥皮蛋(个),干海带,,,,,,,,,,,,,,,,,,,
小葱（一级）,小葱（一级）,鸡爪,鲜鸡蛋,,,,,,,,,,,,,,,,,,,,,
小葱（一级）,国产香蕉（一级）,长瓜（一级）,杏包菇（一级）,紫甘薯（一级）,绿豆,清凉粥料(散),,,,,,,,,,,,,,,,,,
海客瑞斯提篮储物罐430ml(H0212)(,,,,,,,,,,,,,,,,,,,,,,,,
兰州包心菜（一级）,土豆（一级）,,,,,,,,,,,,,,,,,,,,,,,
鸡爪,,,,,,,,,,,,,,,,,,,,,,,,
绿豆,散装糯米,,,,,,,,,,,,,,,,,,,,,,,
新康可甜酒酿360g,民益花生小酥280g,良厨宁波芝麻汤团1.25kg,湾仔码头大白菜猪肉水饺800g,塑料购物袋(大),,,,,,,,,,,,,,,,,,,,
苦瓜（一级）,西红柿（一级）,木耳菜（一级）,国产香蕉（一级）,,,,,,,,,,,,,,,,,,,,,
红萝卜（一级）,洋葱头（一级）,梅豆（一级）,土豆（一级）,,,,,,,,,,,,,,,,,,,,,
光明酸奶1.5kg,紫甘薯（一级）,百合（一级）,散装卡夫三层高钙梳打奶盐味发酵饼,,,,,,,,,,,,,,,,,,,,,
国产香蕉（一级）,,,,,,,,,,,,,,,,,,,,,,,,
国产香蕉（一级）,带鱼200-300,,,,,,,,,,,,,,,,,,,,,,,
忆江南泡茶山楂150克,忆江南八宝茶120g,国产香蕉（一级）,,,,,,,,,,,,,,,,,,,,,,
鲜鸡蛋,西红柿（一级）,苦瓜（一级）,鸡爪,,,,,,,,,,,,,,,,,,,,,
安尔乐纤柔卫生护垫无香LDBR840(40,朵朵棉舒超薄日用卫生巾10片,哆啦A梦婴儿爽身粉清爽嫩滑150g,娇爽超凡吸收清晨淡香卫生护垫20片,红糖(散),,,,,,,,,,,,,,,,,,,,
安儿乐超能吸金装婴儿纸尿裤M码24,维达喜羊羊抽取式面巾纸200抽*3(V2,肯的乐玩具糖果50克水果糖(母鸡下,绿盛儿童营养牛肉松12克,喜之郎美好时光原味海苔3克,塑料购物袋(大),,,,,,,,,,,,,,,,,,,
鲜鸡蛋,良厨奶油刀切馒头1.25kg,,,,,,,,,,,,,,,,,,,,,,,
雪健家庭用小麦粉2.5kg,麦香堡夹心豆沙面包40克,雪涛日晒自然盐300克,三江购物断点式保鲜袋大号30cm*40c,金龙鱼第二代调和油900ml,,,,,,,,,,,,,,,,,,,,
巨能儿童胡箩卜挂面225克,小红豆,,,,,,,,,,,,,,,,,,,,,,,
咸亨牛肉红油腐乳350克,超能柠檬草洗衣皂260g,超能棕榈洗衣皂260g,超能内衣专用透明皂222g,本地鲜鸡蛋,护舒宝瞬洁贴身量多日用/夜用卫生,六神花露水大号195ml,太太乐鸡精250克,味好美脆皮香辣炸鸡配料45克,味好美香酥炸鸡配料袋装45克,乌江牌鲜香菜丝80克,味好美黑胡椒粉瓶装30克,塑料购物袋(大),,,,,,,,,,,,
散装卡夫三层高钙梳打奶盐味发酵饼,亚达汤料(排骨味紫菜汤)72g,雪碧清爽柠檬味汽水500ml,巨能家常清凉爽滑面600克,,,,,,,,,,,,,,,,,,,,,
咸鳓鱼,,,,,,,,,,,,,,,,,,,,,,,,
光明酸奶980g,良厨宁波水磨汤圆(黑芝麻馅)500g,,,,,,,,,,,,,,,,,,,,,,,
带鱼200-300,,,,,,,,,,,,,,,,,,,,,,,,
红富士80#（一级）,光明酸奶980g,,,,,,,,,,,,,,,,,,,,,,,
南瓜（一级）,福临门东北优质香米5Kg,一级哈密瓜,塑料购物袋(大),黑豆(散),土豆（一级）,可扬精选虾皮150g,塞翁福贡果枸杞150g,咸鳓鱼,干海带,绿豆,西红柿（一级）,,,,,,,,,,,,,
海天蒸鱼豉油酿造酱油450ml,塑料购物袋(大),光皮蛋,北高峰糯米黄酒（袋）400ml,加碘精制盐400克,,,,,,,,,,,,,,,,,,,,
干海带,,,,,,,,,,,,,,,,,,,,,,,,
生姜（一级）,喜羊羊橡皮(4入)YA1201,光明酸奶原味经济装100g*8,南阳之星双层抽取式面巾纸200抽*8,奥妙超效洗衣皂含芦荟精华206克*2,明治欣欣杯草莓味50克,明治欣欣杯朱古力味50克,,,,,,,,,,,,,,,,,,
鸡爪,,,,,,,,,,,,,,,,,,,,,,,,
一级哈密瓜,,,,,,,,,,,,,,,,,,,,,,,,
三江购物大豆油1.8L,,,,,,,,,,,,,,,,,,,,,,,,
宏绿金菇幼笋170g,宏绿油焖金菇170g,缸鸭狗宁波汤团粉500克,土豆（一级）,,,,,,,,,,,,,,,,,,,,,
佳洁士梯型洁净牙刷（舒适中毛）,鲜鸡蛋,小红豆,,,,,,,,,,,,,,,,,,,,,,
韭菜（一级）,,,,,,,,,,,,,,,,,,,,,,,,
咸亨辣味腐乳300克,亲友阿胶枣228g,苦瓜（一级）,,,,,,,,,,,,,,,,,,,,,,
翰丰丝苗米(籼米),,,,,,,,,,,,,,,,,,,,,,,,
国产香蕉（一级）,大白菜（一级）,大白菜（一级）,生姜（一级）,小葱（一级）,本地鲜鸡蛋,翰丰丝苗米(籼米),鸭边腿,大黄鱼条,,,,,,,,,,,,,,,,
翠冠梨（一级）,带豆（一级）,冬瓜（一级）,,,,,,,,,,,,,,,,,,,,,,
威龙98蛇龙珠橡木桶陈酿干红葡萄酒,鲁王超级特精粉5kg,七度空间优雅丝柔日用卫生巾10片(A,黑妹QQ兔清新香草莓儿童牙膏50g,,,,,,,,,,,,,,,,,,,,,
